[{
	"title" : "后台首页",
	"icon" : "icon-computer",
	"href" : "page/main.html",
	"spread" : false
},{
	"title" : "文章列表",
	"icon" : "icon-text",
	"href" : "page/news/newsList.html",
	"spread" : false
},{
	"title" : "友情链接",
	"icon" : "&#xe64c;",
	"href" : "page/links/linksList.html",
	"spread" : false
},{
	"title" : "系统基本参数",
	"icon" : "&#xe631;",
	"href" : "page/systemParameter/systemParameter.html",
	"spread" : false
},{
	"title" : "其他页面",
	"icon" : "&#xe630;",
	"href" : "",
	"spread" : false,
	"children" : [
		{
			"title" : "404页面",
			"icon" : "&#xe61c;",
			"href" : "page/404.html",
			"spread" : false
		},
		{
			"title" : "登录",
			"icon" : "&#xe609;",
			"href" : "page/login/login.html",
			"spread" : false,
			"target" : "_blank"
		}
	]
}]