/*
 Navicat Premium Data Transfer

 Source Server         : campus-cloud
 Source Server Type    : MySQL
 Source Server Version : 50718
 Source Host           : 118.24.111.201:3306
 Source Schema         : campus_cloud

 Target Server Type    : MySQL
 Target Server Version : 50718
 File Encoding         : 65001

 Date: 12/09/2018 11:14:35
*/

SET NAMES utf8mb4;
SET FOREIGN_KEY_CHECKS = 0;

-- ----------------------------
-- Table structure for QRTZ_CRON_TRIGGERS
-- ----------------------------
DROP TABLE IF EXISTS `QRTZ_CRON_TRIGGERS`;
CREATE TABLE `QRTZ_CRON_TRIGGERS`  (
  `SCHED_NAME` varchar(120) CHARACTER SET utf8 COLLATE utf8_general_ci NOT NULL,
  `TRIGGER_NAME` varchar(200) CHARACTER SET utf8 COLLATE utf8_general_ci NOT NULL,
  `TRIGGER_GROUP` varchar(200) CHARACTER SET utf8 COLLATE utf8_general_ci NOT NULL,
  `CRON_EXPRESSION` varchar(120) CHARACTER SET utf8 COLLATE utf8_general_ci NOT NULL,
  `TIME_ZONE_ID` varchar(80) CHARACTER SET utf8 COLLATE utf8_general_ci NULL DEFAULT NULL,
  PRIMARY KEY (`SCHED_NAME`, `TRIGGER_NAME`, `TRIGGER_GROUP`) USING BTREE,
  CONSTRAINT `QRTZ_CRON_TRIGGERS_ibfk_1` FOREIGN KEY (`SCHED_NAME`, `TRIGGER_NAME`, `TRIGGER_GROUP`) REFERENCES `QRTZ_TRIGGERS` (`SCHED_NAME`, `TRIGGER_NAME`, `TRIGGER_GROUP`) ON DELETE RESTRICT ON UPDATE RESTRICT
) ENGINE = InnoDB CHARACTER SET = utf8 COLLATE = utf8_general_ci COMMENT = 'InnoDB free: 93184 kB; (`SCHED_NAME` `TRIGGER_NAME` `TRIGGER_GROUP`) REFER `camp' ROW_FORMAT = Compact;

-- ----------------------------
-- Records of QRTZ_CRON_TRIGGERS
-- ----------------------------
INSERT INTO `QRTZ_CRON_TRIGGERS` VALUES ('MySiteForMeScheduler', 'TASK_2', 'DEFAULT', '0 0 1 * * ?', 'GMT+08:00');

-- ----------------------------
-- Table structure for QRTZ_FIRED_TRIGGERS
-- ----------------------------
DROP TABLE IF EXISTS `QRTZ_FIRED_TRIGGERS`;
CREATE TABLE `QRTZ_FIRED_TRIGGERS`  (
  `SCHED_NAME` varchar(120) CHARACTER SET utf8 COLLATE utf8_general_ci NOT NULL,
  `ENTRY_ID` varchar(140) CHARACTER SET utf8 COLLATE utf8_general_ci NOT NULL,
  `TRIGGER_NAME` varchar(200) CHARACTER SET utf8 COLLATE utf8_general_ci NOT NULL,
  `TRIGGER_GROUP` varchar(200) CHARACTER SET utf8 COLLATE utf8_general_ci NOT NULL,
  `INSTANCE_NAME` varchar(200) CHARACTER SET utf8 COLLATE utf8_general_ci NOT NULL,
  `FIRED_TIME` bigint(19) NOT NULL,
  `SCHED_TIME` bigint(19) NOT NULL,
  `PRIORITY` int(11) NOT NULL,
  `STATE` varchar(16) CHARACTER SET utf8 COLLATE utf8_general_ci NOT NULL,
  `JOB_NAME` varchar(200) CHARACTER SET utf8 COLLATE utf8_general_ci NULL DEFAULT NULL,
  `JOB_GROUP` varchar(200) CHARACTER SET utf8 COLLATE utf8_general_ci NULL DEFAULT NULL,
  `IS_NONCONCURRENT` tinyint(1) NULL DEFAULT NULL,
  `REQUESTS_RECOVERY` tinyint(1) NULL DEFAULT NULL,
  PRIMARY KEY (`SCHED_NAME`, `ENTRY_ID`) USING BTREE,
  INDEX `IDX_QRTZ_FT_TRIG_INST_NAME`(`SCHED_NAME`, `INSTANCE_NAME`) USING BTREE,
  INDEX `IDX_QRTZ_FT_INST_JOB_REQ_RCVRY`(`SCHED_NAME`, `INSTANCE_NAME`, `REQUESTS_RECOVERY`) USING BTREE,
  INDEX `IDX_QRTZ_FT_J_G`(`SCHED_NAME`, `JOB_NAME`, `JOB_GROUP`) USING BTREE,
  INDEX `IDX_QRTZ_FT_JG`(`SCHED_NAME`, `JOB_GROUP`) USING BTREE,
  INDEX `IDX_QRTZ_FT_T_G`(`SCHED_NAME`, `TRIGGER_NAME`, `TRIGGER_GROUP`) USING BTREE,
  INDEX `IDX_QRTZ_FT_TG`(`SCHED_NAME`, `TRIGGER_GROUP`) USING BTREE
) ENGINE = InnoDB CHARACTER SET = utf8 COLLATE = utf8_general_ci ROW_FORMAT = Compact;

-- ----------------------------
-- Table structure for QRTZ_JOB_DETAILS
-- ----------------------------
DROP TABLE IF EXISTS `QRTZ_JOB_DETAILS`;
CREATE TABLE `QRTZ_JOB_DETAILS`  (
  `SCHED_NAME` varchar(120) CHARACTER SET utf8 COLLATE utf8_general_ci NOT NULL,
  `JOB_NAME` varchar(200) CHARACTER SET utf8 COLLATE utf8_general_ci NOT NULL,
  `JOB_GROUP` varchar(200) CHARACTER SET utf8 COLLATE utf8_general_ci NOT NULL,
  `DESCRIPTION` varchar(250) CHARACTER SET utf8 COLLATE utf8_general_ci NULL DEFAULT NULL,
  `JOB_CLASS_NAME` varchar(250) CHARACTER SET utf8 COLLATE utf8_general_ci NOT NULL,
  `IS_DURABLE` tinyint(1) NOT NULL,
  `IS_NONCONCURRENT` tinyint(1) NOT NULL,
  `IS_UPDATE_DATA` tinyint(1) NOT NULL,
  `REQUESTS_RECOVERY` tinyint(1) NOT NULL,
  `JOB_DATA` blob NULL,
  PRIMARY KEY (`SCHED_NAME`, `JOB_NAME`, `JOB_GROUP`) USING BTREE,
  INDEX `IDX_QRTZ_J_REQ_RECOVERY`(`SCHED_NAME`, `REQUESTS_RECOVERY`) USING BTREE,
  INDEX `IDX_QRTZ_J_GRP`(`SCHED_NAME`, `JOB_GROUP`) USING BTREE
) ENGINE = InnoDB CHARACTER SET = utf8 COLLATE = utf8_general_ci ROW_FORMAT = Compact;

-- ----------------------------
-- Records of QRTZ_JOB_DETAILS
-- ----------------------------
INSERT INTO `QRTZ_JOB_DETAILS` VALUES ('MySiteForMeScheduler', 'TASK_1', 'DEFAULT', NULL, 'com.mysiteforme.admin.util.quartz.ScheduleJob', 0, 0, 0, 0, 0xACED0005737200156F72672E71756172747A2E4A6F62446174614D61709FB083E8BFA9B0CB020000787200266F72672E71756172747A2E7574696C732E537472696E674B65794469727479466C61674D61708208E8C3FBC55D280200015A0013616C6C6F77735472616E7369656E74446174617872001D6F72672E71756172747A2E7574696C732E4469727479466C61674D617013E62EAD28760ACE0200025A000564697274794C00036D617074000F4C6A6176612F7574696C2F4D61703B787001737200116A6176612E7574696C2E486173684D61700507DAC1C31660D103000246000A6C6F6164466163746F724900097468726573686F6C6478703F4000000000000C7708000000100000000174000D4A4F425F504152414D5F4B455973720027636F6D2E6D7973697465666F726D652E61646D696E2E656E746974792E51756172747A5461736B00000000000000010200064C000463726F6E7400124C6A6176612F6C616E672F537472696E673B4C00046E616D6571007E00094C0006706172616D7371007E00094C00067374617475737400134C6A6176612F6C616E672F496E74656765723B4C000A7461726765744265616E71007E00094C000B74726765744D6574686F6471007E000978720025636F6D2E6D7973697465666F726D652E61646D696E2E626173652E44617461456E7469747900000000000000010200084C000A637265617465446174657400104C6A6176612F7574696C2F446174653B4C000863726561746549647400104C6A6176612F6C616E672F4C6F6E673B4C000A637265617465557365727400234C636F6D2F6D7973697465666F726D652F61646D696E2F656E746974792F557365723B4C000764656C466C61677400134C6A6176612F6C616E672F426F6F6C65616E3B4C000772656D61726B7371007E00094C000A7570646174654461746571007E000C4C0008757064617465496471007E000D4C000A7570646174655573657271007E000E78720025636F6D2E6D7973697465666F726D652E61646D696E2E626173652E42617365456E74697479F87065A24F9EB43D0200014C0002696471007E000D7872002B636F6D2E62616F6D69646F752E6D796261746973706C75732E6163746976657265636F72642E4D6F64656C000000000000000102000078707372000E6A6176612E6C616E672E4C6F6E673B8BE490CC8F23DF0200014A000576616C7565787200106A6176612E6C616E672E4E756D62657286AC951D0B94E08B020000787000000000000000017372000E6A6176612E7574696C2E44617465686A81014B597419030000787077080000016132EF0DB7787371007E0013000000000000000170737200116A6176612E6C616E672E426F6F6C65616ECD207280D59CFAEE0200015A000576616C7565787000707371007E001677080000016132EF0DB87871007E00187074000B3020302031202A202A203F74001BE5908CE6ADA5E69687E7ABA0E6B58FE8A788E9878FE695B0E68DAE740000737200116A6176612E6C616E672E496E746567657212E2A0A4F781873802000149000576616C75657871007E00140000000074000A73797374656D5461736B74001A73796E6368726F6E697A6174696F6E41727469636C65566965777800);
INSERT INTO `QRTZ_JOB_DETAILS` VALUES ('MySiteForMeScheduler', 'TASK_2', 'DEFAULT', NULL, 'com.mysiteforme.admin.util.quartz.ScheduleJob', 0, 0, 0, 0, 0xACED0005737200156F72672E71756172747A2E4A6F62446174614D61709FB083E8BFA9B0CB020000787200266F72672E71756172747A2E7574696C732E537472696E674B65794469727479466C61674D61708208E8C3FBC55D280200015A0013616C6C6F77735472616E7369656E74446174617872001D6F72672E71756172747A2E7574696C732E4469727479466C61674D617013E62EAD28760ACE0200025A000564697274794C00036D617074000F4C6A6176612F7574696C2F4D61703B787001737200116A6176612E7574696C2E486173684D61700507DAC1C31660D103000246000A6C6F6164466163746F724900097468726573686F6C6478703F4000000000000C7708000000100000000174000D4A4F425F504152414D5F4B455973720027636F6D2E6D7973697465666F726D652E61646D696E2E656E746974792E51756172747A5461736B00000000000000010200064C000463726F6E7400124C6A6176612F6C616E672F537472696E673B4C00046E616D6571007E00094C0006706172616D7371007E00094C00067374617475737400134C6A6176612F6C616E672F496E74656765723B4C000A7461726765744265616E71007E00094C000B74726765744D6574686F6471007E000978720025636F6D2E6D7973697465666F726D652E61646D696E2E626173652E44617461456E7469747900000000000000010200084C000A637265617465446174657400104C6A6176612F7574696C2F446174653B4C000863726561746549647400104C6A6176612F6C616E672F4C6F6E673B4C000A637265617465557365727400234C636F6D2F6D7973697465666F726D652F61646D696E2F656E746974792F557365723B4C000764656C466C61677400134C6A6176612F6C616E672F426F6F6C65616E3B4C000772656D61726B7371007E00094C000A7570646174654461746571007E000C4C0008757064617465496471007E000D4C000A7570646174655573657271007E000E78720025636F6D2E6D7973697465666F726D652E61646D696E2E626173652E42617365456E74697479F87065A24F9EB43D0200014C0002696471007E000D7872002B636F6D2E62616F6D69646F752E6D796261746973706C75732E6163746976657265636F72642E4D6F64656C000000000000000102000078707372000E6A6176612E6C616E672E4C6F6E673B8BE490CC8F23DF0200014A000576616C7565787200106A6176612E6C616E672E4E756D62657286AC951D0B94E08B020000787000000000000000027372000E6A6176612E7574696C2E44617465686A81014B59741903000078707708000001613F9BEBCB787371007E0013000000000000000170737200116A6176612E6C616E672E426F6F6C65616ECD207280D59CFAEE0200015A000576616C7565787000740031E7949FE68890E69687E7ABA0E6909CE7B4A2E7B4A2E5BC95EFBC8CE6AF8FE5A4A9E6999AE4B88A31E782B9E689A7E8A18C7371007E00167708000001613F9BEBCB7871007E00187074000B3020302031202A202A203F740018E7949FE68890E69687E7ABA0E6909CE7B4A2E7B4A2E5BC9574000131737200116A6176612E6C616E672E496E746567657212E2A0A4F781873802000149000576616C75657871007E00140000000074000A73797374656D5461736B74001263726561746541727469636C65496E6465787800);

-- ----------------------------
-- Table structure for QRTZ_LOCKS
-- ----------------------------
DROP TABLE IF EXISTS `QRTZ_LOCKS`;
CREATE TABLE `QRTZ_LOCKS`  (
  `SCHED_NAME` varchar(120) CHARACTER SET utf8 COLLATE utf8_general_ci NOT NULL,
  `LOCK_NAME` varchar(40) CHARACTER SET utf8 COLLATE utf8_general_ci NOT NULL,
  PRIMARY KEY (`SCHED_NAME`, `LOCK_NAME`) USING BTREE
) ENGINE = InnoDB CHARACTER SET = utf8 COLLATE = utf8_general_ci ROW_FORMAT = Compact;

-- ----------------------------
-- Records of QRTZ_LOCKS
-- ----------------------------
INSERT INTO `QRTZ_LOCKS` VALUES ('MySiteForMeScheduler', 'STATE_ACCESS');
INSERT INTO `QRTZ_LOCKS` VALUES ('MySiteForMeScheduler', 'TRIGGER_ACCESS');

-- ----------------------------
-- Table structure for QRTZ_PAUSED_TRIGGER_GRPS
-- ----------------------------
DROP TABLE IF EXISTS `QRTZ_PAUSED_TRIGGER_GRPS`;
CREATE TABLE `QRTZ_PAUSED_TRIGGER_GRPS`  (
  `SCHED_NAME` varchar(120) CHARACTER SET utf8 COLLATE utf8_general_ci NOT NULL,
  `TRIGGER_GROUP` varchar(200) CHARACTER SET utf8 COLLATE utf8_general_ci NOT NULL,
  PRIMARY KEY (`SCHED_NAME`, `TRIGGER_GROUP`) USING BTREE
) ENGINE = InnoDB CHARACTER SET = utf8 COLLATE = utf8_general_ci ROW_FORMAT = Compact;

-- ----------------------------
-- Table structure for QRTZ_SCHEDULER_STATE
-- ----------------------------
DROP TABLE IF EXISTS `QRTZ_SCHEDULER_STATE`;
CREATE TABLE `QRTZ_SCHEDULER_STATE`  (
  `SCHED_NAME` varchar(120) CHARACTER SET utf8 COLLATE utf8_general_ci NOT NULL,
  `INSTANCE_NAME` varchar(200) CHARACTER SET utf8 COLLATE utf8_general_ci NOT NULL,
  `LAST_CHECKIN_TIME` bigint(19) NOT NULL,
  `CHECKIN_INTERVAL` bigint(19) NOT NULL,
  PRIMARY KEY (`SCHED_NAME`, `INSTANCE_NAME`) USING BTREE
) ENGINE = InnoDB CHARACTER SET = utf8 COLLATE = utf8_general_ci ROW_FORMAT = Compact;

-- ----------------------------
-- Records of QRTZ_SCHEDULER_STATE
-- ----------------------------
INSERT INTO `QRTZ_SCHEDULER_STATE` VALUES ('MySiteForMeScheduler', 'MSI1536658043091', 1536660667993, 15000);

-- ----------------------------
-- Table structure for QRTZ_SIMPLE_TRIGGERS
-- ----------------------------
DROP TABLE IF EXISTS `QRTZ_SIMPLE_TRIGGERS`;
CREATE TABLE `QRTZ_SIMPLE_TRIGGERS`  (
  `SCHED_NAME` varchar(120) CHARACTER SET utf8 COLLATE utf8_general_ci NOT NULL,
  `TRIGGER_NAME` varchar(200) CHARACTER SET utf8 COLLATE utf8_general_ci NOT NULL,
  `TRIGGER_GROUP` varchar(200) CHARACTER SET utf8 COLLATE utf8_general_ci NOT NULL,
  `REPEAT_COUNT` bigint(7) NOT NULL,
  `REPEAT_INTERVAL` bigint(12) NOT NULL,
  `TIMES_TRIGGERED` bigint(10) NOT NULL,
  PRIMARY KEY (`SCHED_NAME`, `TRIGGER_NAME`, `TRIGGER_GROUP`) USING BTREE,
  CONSTRAINT `QRTZ_SIMPLE_TRIGGERS_ibfk_1` FOREIGN KEY (`SCHED_NAME`, `TRIGGER_NAME`, `TRIGGER_GROUP`) REFERENCES `QRTZ_TRIGGERS` (`SCHED_NAME`, `TRIGGER_NAME`, `TRIGGER_GROUP`) ON DELETE RESTRICT ON UPDATE RESTRICT
) ENGINE = InnoDB CHARACTER SET = utf8 COLLATE = utf8_general_ci COMMENT = 'InnoDB free: 93184 kB; (`SCHED_NAME` `TRIGGER_NAME` `TRIGGER_GROUP`) REFER `camp' ROW_FORMAT = Compact;

-- ----------------------------
-- Table structure for QRTZ_TRIGGERS
-- ----------------------------
DROP TABLE IF EXISTS `QRTZ_TRIGGERS`;
CREATE TABLE `QRTZ_TRIGGERS`  (
  `SCHED_NAME` varchar(120) CHARACTER SET utf8 COLLATE utf8_general_ci NOT NULL,
  `TRIGGER_NAME` varchar(200) CHARACTER SET utf8 COLLATE utf8_general_ci NOT NULL,
  `TRIGGER_GROUP` varchar(200) CHARACTER SET utf8 COLLATE utf8_general_ci NOT NULL,
  `JOB_NAME` varchar(200) CHARACTER SET utf8 COLLATE utf8_general_ci NOT NULL,
  `JOB_GROUP` varchar(200) CHARACTER SET utf8 COLLATE utf8_general_ci NOT NULL,
  `DESCRIPTION` varchar(250) CHARACTER SET utf8 COLLATE utf8_general_ci NULL DEFAULT NULL,
  `NEXT_FIRE_TIME` bigint(19) NULL DEFAULT NULL,
  `PREV_FIRE_TIME` bigint(19) NULL DEFAULT NULL,
  `PRIORITY` int(11) NULL DEFAULT NULL,
  `TRIGGER_STATE` varchar(16) CHARACTER SET utf8 COLLATE utf8_general_ci NOT NULL,
  `TRIGGER_TYPE` varchar(8) CHARACTER SET utf8 COLLATE utf8_general_ci NOT NULL,
  `START_TIME` bigint(19) NOT NULL,
  `END_TIME` bigint(19) NULL DEFAULT NULL,
  `CALENDAR_NAME` varchar(200) CHARACTER SET utf8 COLLATE utf8_general_ci NULL DEFAULT NULL,
  `MISFIRE_INSTR` smallint(2) NULL DEFAULT NULL,
  `JOB_DATA` blob NULL,
  PRIMARY KEY (`SCHED_NAME`, `TRIGGER_NAME`, `TRIGGER_GROUP`) USING BTREE,
  INDEX `IDX_QRTZ_T_J`(`SCHED_NAME`, `JOB_NAME`, `JOB_GROUP`) USING BTREE,
  INDEX `IDX_QRTZ_T_JG`(`SCHED_NAME`, `JOB_GROUP`) USING BTREE,
  INDEX `IDX_QRTZ_T_C`(`SCHED_NAME`, `CALENDAR_NAME`) USING BTREE,
  INDEX `IDX_QRTZ_T_G`(`SCHED_NAME`, `TRIGGER_GROUP`) USING BTREE,
  INDEX `IDX_QRTZ_T_STATE`(`SCHED_NAME`, `TRIGGER_STATE`) USING BTREE,
  INDEX `IDX_QRTZ_T_N_STATE`(`SCHED_NAME`, `TRIGGER_NAME`, `TRIGGER_GROUP`, `TRIGGER_STATE`) USING BTREE,
  INDEX `IDX_QRTZ_T_N_G_STATE`(`SCHED_NAME`, `TRIGGER_GROUP`, `TRIGGER_STATE`) USING BTREE,
  INDEX `IDX_QRTZ_T_NEXT_FIRE_TIME`(`SCHED_NAME`, `NEXT_FIRE_TIME`) USING BTREE,
  INDEX `IDX_QRTZ_T_NFT_ST`(`SCHED_NAME`, `TRIGGER_STATE`, `NEXT_FIRE_TIME`) USING BTREE,
  INDEX `IDX_QRTZ_T_NFT_MISFIRE`(`SCHED_NAME`, `MISFIRE_INSTR`, `NEXT_FIRE_TIME`) USING BTREE,
  INDEX `IDX_QRTZ_T_NFT_ST_MISFIRE`(`SCHED_NAME`, `MISFIRE_INSTR`, `NEXT_FIRE_TIME`, `TRIGGER_STATE`) USING BTREE,
  INDEX `IDX_QRTZ_T_NFT_ST_MISFIRE_GRP`(`SCHED_NAME`, `MISFIRE_INSTR`, `NEXT_FIRE_TIME`, `TRIGGER_GROUP`, `TRIGGER_STATE`) USING BTREE,
  CONSTRAINT `QRTZ_TRIGGERS_ibfk_1` FOREIGN KEY (`SCHED_NAME`, `JOB_NAME`, `JOB_GROUP`) REFERENCES `QRTZ_JOB_DETAILS` (`SCHED_NAME`, `JOB_NAME`, `JOB_GROUP`) ON DELETE RESTRICT ON UPDATE RESTRICT
) ENGINE = InnoDB CHARACTER SET = utf8 COLLATE = utf8_general_ci COMMENT = 'InnoDB free: 93184 kB; (`SCHED_NAME` `JOB_NAME` `JOB_GROUP`) REFER `campus_cloud' ROW_FORMAT = Compact;

-- ----------------------------
-- Records of QRTZ_TRIGGERS
-- ----------------------------
INSERT INTO `QRTZ_TRIGGERS` VALUES ('MySiteForMeScheduler', 'TASK_2', 'DEFAULT', 'TASK_2', 'DEFAULT', NULL, 1536685200000, -1, 5, 'WAITING', 'CRON', 1517190638000, 0, NULL, 2, 0xACED0005737200156F72672E71756172747A2E4A6F62446174614D61709FB083E8BFA9B0CB020000787200266F72672E71756172747A2E7574696C732E537472696E674B65794469727479466C61674D61708208E8C3FBC55D280200015A0013616C6C6F77735472616E7369656E74446174617872001D6F72672E71756172747A2E7574696C732E4469727479466C61674D617013E62EAD28760ACE0200025A000564697274794C00036D617074000F4C6A6176612F7574696C2F4D61703B787001737200116A6176612E7574696C2E486173684D61700507DAC1C31660D103000246000A6C6F6164466163746F724900097468726573686F6C6478703F4000000000000C7708000000100000000174000D4A4F425F504152414D5F4B455973720027636F6D2E6D7973697465666F726D652E61646D696E2E656E746974792E51756172747A5461736B00000000000000010200064C000463726F6E7400124C6A6176612F6C616E672F537472696E673B4C00046E616D6571007E00094C0006706172616D7371007E00094C00067374617475737400134C6A6176612F6C616E672F496E74656765723B4C000A7461726765744265616E71007E00094C000B74726765744D6574686F6471007E000978720025636F6D2E6D7973697465666F726D652E61646D696E2E626173652E44617461456E7469747900000000000000010200084C000A637265617465446174657400104C6A6176612F7574696C2F446174653B4C000863726561746549647400104C6A6176612F6C616E672F4C6F6E673B4C000A637265617465557365727400234C636F6D2F6D7973697465666F726D652F61646D696E2F656E746974792F557365723B4C000764656C466C61677400134C6A6176612F6C616E672F426F6F6C65616E3B4C000772656D61726B7371007E00094C000A7570646174654461746571007E000C4C0008757064617465496471007E000D4C000A7570646174655573657271007E000E78720025636F6D2E6D7973697465666F726D652E61646D696E2E626173652E42617365456E74697479F87065A24F9EB43D0200014C0002696471007E000D7872002B636F6D2E62616F6D69646F752E6D796261746973706C75732E6163746976657265636F72642E4D6F64656C000000000000000102000078707372000E6A6176612E6C616E672E4C6F6E673B8BE490CC8F23DF0200014A000576616C7565787200106A6176612E6C616E672E4E756D62657286AC951D0B94E08B020000787000000000000000027372000E6A6176612E7574696C2E44617465686A81014B59741903000078707708000001613F9BED98787371007E0013000000000000000170737200116A6176612E6C616E672E426F6F6C65616ECD207280D59CFAEE0200015A000576616C7565787000740031E7949FE68890E69687E7ABA0E6909CE7B4A2E7B4A2E5BC95EFBC8CE6AF8FE5A4A9E6999AE4B88A31E782B9E689A7E8A18C7371007E00167708000001613F9BED987871007E00187074000B3020302031202A202A203F740018E7949FE68890E69687E7ABA0E6909CE7B4A2E7B4A2E5BC9574000131737200116A6176612E6C616E672E496E746567657212E2A0A4F781873802000149000576616C75657871007E00140000000074000A73797374656D5461736B74001263726561746541727469636C65496E6465787800);

-- ----------------------------
-- Table structure for blog_article
-- ----------------------------
DROP TABLE IF EXISTS `blog_article`;
CREATE TABLE `blog_article`  (
  `id` bigint(20) NOT NULL AUTO_INCREMENT COMMENT '主键',
  `title` varchar(255) CHARACTER SET utf8 COLLATE utf8_general_ci NOT NULL COMMENT '标题,input,NO,false,true,true',
  `sub_title` varchar(255) CHARACTER SET utf8 COLLATE utf8_general_ci NULL DEFAULT NULL COMMENT '副标题,input,YES,false,false,false',
  `marks` varchar(255) CHARACTER SET utf8 COLLATE utf8_general_ci NULL DEFAULT NULL COMMENT '摘要,textarea,YES,false,false,false',
  `show_pic` varchar(255) CHARACTER SET utf8 COLLATE utf8_general_ci NULL DEFAULT NULL COMMENT '显示图片,uploadImg,YES,false,false,false',
  `category` varchar(255) CHARACTER SET utf8 COLLATE utf8_general_ci NULL DEFAULT NULL COMMENT '文章类型,radio,YES,false,true,true',
  `out_link_url` varchar(255) CHARACTER SET utf8 COLLATE utf8_general_ci NULL DEFAULT NULL COMMENT '外链地址,input,YES,false,false,false',
  `resources` varchar(255) CHARACTER SET utf8 COLLATE utf8_general_ci NULL DEFAULT NULL COMMENT '来源,input,YES,false,true,false',
  `publist_time` datetime(0) NULL DEFAULT NULL COMMENT '发布时间,timer,YES,false,true,true',
  `content` text CHARACTER SET utf8 COLLATE utf8_general_ci NOT NULL COMMENT '内容,editor,NO,false,true,true',
  `text` text CHARACTER SET utf8 COLLATE utf8_general_ci NULL COMMENT '纯文字文章内容,textarea,YES,false,false,false',
  `click` int(11) NULL DEFAULT 0 COMMENT '浏览量,0,YES,false,false,false',
  `comments` int(11) NULL DEFAULT 0 COMMENT '评论数',
  `likes` int(11) NULL DEFAULT 0 COMMENT '点赞数',
  `channel_id` bigint(20) NULL DEFAULT NULL COMMENT '栏目ID,0,YES,false,false,false',
  `sort` int(11) NULL DEFAULT NULL COMMENT '排序值,0,YES,false,false,false',
  `is_top` bit(1) NULL DEFAULT NULL COMMENT '是否置顶,switch,YES,true,true,false',
  `is_recommend` bit(1) NULL DEFAULT NULL COMMENT '是否推荐,switch,YES,true,true,false',
  `status` int(11) NULL DEFAULT NULL COMMENT '文章状态,0,YES,false,false,false',
  `create_date` datetime(0) NULL DEFAULT NULL COMMENT '创建时间',
  `create_by` bigint(20) NULL DEFAULT NULL COMMENT '创建人',
  `update_date` datetime(0) NULL DEFAULT NULL COMMENT '修改时间',
  `update_by` bigint(20) NULL DEFAULT NULL COMMENT '修改人',
  `remarks` varchar(255) CHARACTER SET utf8 COLLATE utf8_general_ci NULL DEFAULT NULL COMMENT '备注',
  `del_flag` tinyint(4) NULL DEFAULT NULL COMMENT '删除标记',
  PRIMARY KEY (`id`) USING BTREE
) ENGINE = InnoDB AUTO_INCREMENT = 12 CHARACTER SET = utf8 COLLATE = utf8_general_ci COMMENT = '博客内容,1,uploadImg-showPic-YES,timer-publistTime-YES,editor-co' ROW_FORMAT = Compact;

-- ----------------------------
-- Records of blog_article
-- ----------------------------
INSERT INTO `blog_article` VALUES (11, '俄媒：对华贸易战，美国为什么必败', NULL, '由各种物质组成的巨型球状天体，叫做星球。星球有一定的形状，有自己的运行轨道。', 'http://img.zcool.cn/community/0142885afa4dd4a801216045a2977b.jpg@1280w_1l_2o_100sh.jpg', NULL, NULL, NULL, '2018-09-01 08:00:00', '<p><font color=\'#46acc8\' style=\'background-color: rgb(77, 128, 191);\'>我就是想试试</font></p><h1><b>怎么样</b></h1><blockquote>引用</blockquote><h1><b>加粗</b></h1><p><img src=\'http://pic.58pic.com/58pic/15/86/11/51Y58PICQHR_1024.jpg\' style=\'max-width:100%;\'><br></p><p><br></p>', '我就是想试试怎么样引用加粗', 34, 9, 109, 21, 1, b'0', b'0', NULL, NULL, NULL, '2018-09-11 17:32:14', 1, NULL, 0);

-- ----------------------------
-- Table structure for blog_article_tags
-- ----------------------------
DROP TABLE IF EXISTS `blog_article_tags`;
CREATE TABLE `blog_article_tags`  (
  `id` bigint(20) NOT NULL AUTO_INCREMENT COMMENT '主键',
  `article_id` bigint(20) NOT NULL COMMENT '文章ID,0,NO,false,false,false',
  `tags_id` bigint(20) NOT NULL COMMENT '标签ID,0,NO,false,false,false',
  PRIMARY KEY (`id`) USING BTREE
) ENGINE = InnoDB AUTO_INCREMENT = 1 CHARACTER SET = utf8 COLLATE = utf8_general_ci COMMENT = '标签-文章关联表,3' ROW_FORMAT = Compact;

-- ----------------------------
-- Table structure for blog_channel
-- ----------------------------
DROP TABLE IF EXISTS `blog_channel`;
CREATE TABLE `blog_channel`  (
  `id` bigint(20) NOT NULL AUTO_INCREMENT COMMENT '主键',
  `name` varchar(255) CHARACTER SET utf8 COLLATE utf8_general_ci NOT NULL COMMENT '名称,input,NO,false,true,true',
  `site_id` bigint(20) NULL DEFAULT NULL COMMENT '站点ID,0,YES,false,false,false',
  `href` varchar(500) CHARACTER SET utf8 COLLATE utf8_general_ci NULL DEFAULT NULL COMMENT '链接地址,input,YES,false,true,true',
  `logo` varchar(255) CHARACTER SET utf8 COLLATE utf8_general_ci NULL DEFAULT NULL COMMENT '栏目图标,input,YES,false,true,false',
  `is_base_channel` bit(1) NULL DEFAULT NULL COMMENT '是否为主栏目,switch,YES,true,true,true',
  `can_comment` bit(1) NULL DEFAULT NULL COMMENT '是否能够评论,switch,YES,true,true,true',
  `is_no_name` bit(1) NULL DEFAULT NULL COMMENT '是否匿名,switch,YES,true,true,true',
  `is_can_aduit` bit(1) NULL DEFAULT NULL COMMENT '是否开启审核,switch,YES,true,true,true',
  `seo_title` varchar(255) CHARACTER SET utf8 COLLATE utf8_general_ci NULL DEFAULT NULL COMMENT '网页title(seo),input,YES,false,false,false',
  `seo_keywords` varchar(255) CHARACTER SET utf8 COLLATE utf8_general_ci NULL DEFAULT NULL COMMENT '网页关键字(seo) ,input,YES,false,false,false',
  `seo_description` varchar(255) CHARACTER SET utf8 COLLATE utf8_general_ci NULL DEFAULT NULL COMMENT '网页描述(seo),textarea,YES,false,false,false',
  `parent_id` bigint(20) NULL DEFAULT NULL COMMENT '父节点ID',
  `parent_ids` varchar(2000) CHARACTER SET utf8 COLLATE utf8_general_ci NULL DEFAULT NULL COMMENT '父节点联集',
  `level` bigint(2) NULL DEFAULT NULL COMMENT '层级深度',
  `sort` smallint(6) NULL DEFAULT NULL COMMENT '排序',
  `create_date` datetime(0) NULL DEFAULT NULL COMMENT '创建时间',
  `create_by` bigint(20) NULL DEFAULT NULL COMMENT '创建人',
  `update_date` datetime(0) NULL DEFAULT NULL COMMENT '修改时间',
  `update_by` bigint(20) NULL DEFAULT NULL COMMENT '修改人',
  `remarks` varchar(255) CHARACTER SET utf8 COLLATE utf8_general_ci NULL DEFAULT NULL COMMENT '备注',
  `del_flag` tinyint(4) NULL DEFAULT NULL COMMENT '删除标记',
  PRIMARY KEY (`id`) USING BTREE
) ENGINE = InnoDB AUTO_INCREMENT = 22 CHARACTER SET = utf8 COLLATE = utf8_general_ci COMMENT = '博客栏目,2,switch-baseChannel-YES-true-is_base_channel,switch-ca' ROW_FORMAT = Compact;

-- ----------------------------
-- Records of blog_channel
-- ----------------------------
INSERT INTO `blog_channel` VALUES (20, '校园风采', 1, '/xyfc', '', b'0', b'0', b'0', b'0', NULL, NULL, NULL, NULL, '20,', 1, 10, '2018-09-11 17:11:17', 1, '2018-09-11 17:11:17', 1, NULL, 0);
INSERT INTO `blog_channel` VALUES (21, '学校简介', 1, '/xyfc/xxjj', NULL, b'1', b'0', b'0', b'0', NULL, NULL, NULL, 20, '20,21,', 2, 0, '2018-09-11 17:15:41', 1, '2018-09-11 17:15:42', 1, NULL, 0);

-- ----------------------------
-- Table structure for blog_comment
-- ----------------------------
DROP TABLE IF EXISTS `blog_comment`;
CREATE TABLE `blog_comment`  (
  `id` bigint(20) NOT NULL AUTO_INCREMENT COMMENT '主键',
  `content` text CHARACTER SET utf8 COLLATE utf8_general_ci NOT NULL COMMENT '评论内容,textarea,NO,false,true,true',
  `type` int(11) NULL DEFAULT NULL COMMENT 'ip,input,YES,false,true,true',
  `ip` varchar(255) CHARACTER SET utf8 COLLATE utf8_general_ci NULL DEFAULT NULL COMMENT 'ip,input,YES,false,true,true',
  `system` varchar(255) CHARACTER SET utf8 COLLATE utf8_general_ci NULL DEFAULT NULL COMMENT '操作系统,input,YES,false,true,false',
  `browser` varchar(255) CHARACTER SET utf8 COLLATE utf8_general_ci NULL DEFAULT NULL COMMENT '浏览器,input,YES,false,true,false',
  `floor` int(11) NULL DEFAULT NULL COMMENT '楼层,0,YES,false,false,false',
  `channel_id` bigint(20) NULL DEFAULT NULL COMMENT '栏目ID,0,YES,false,false,false',
  `article_id` int(11) NULL DEFAULT NULL COMMENT '文章ID,0,YES,false,false,false',
  `reply_id` bigint(20) NULL DEFAULT NULL COMMENT '回复评论ID,0,YES,false,false,false',
  `is_admin_reply` bit(1) NULL DEFAULT NULL COMMENT '管理员是否回复,switch,YES,true,true,true',
  `reply_content` text CHARACTER SET utf8 COLLATE utf8_general_ci NULL COMMENT '管理员回复内容,textarea,YES,false,true,false',
  `create_date` datetime(0) NULL DEFAULT NULL COMMENT '创建时间',
  `create_by` varchar(255) CHARACTER SET utf8 COLLATE utf8_general_ci NULL DEFAULT NULL COMMENT '创建人',
  `update_date` datetime(0) NULL DEFAULT NULL COMMENT '修改时间',
  `update_by` bigint(20) NULL DEFAULT NULL COMMENT '修改人',
  `remarks` varchar(255) CHARACTER SET utf8 COLLATE utf8_general_ci NULL DEFAULT NULL COMMENT '备注',
  `del_flag` tinyint(4) NULL DEFAULT 0 COMMENT '删除标记',
  PRIMARY KEY (`id`) USING BTREE
) ENGINE = InnoDB AUTO_INCREMENT = 14 CHARACTER SET = utf8 COLLATE = utf8_general_ci COMMENT = '博客评论,1,switch-adminReply-YES-true-is_admin_reply' ROW_FORMAT = Compact;

-- ----------------------------
-- Records of blog_comment
-- ----------------------------
INSERT INTO `blog_comment` VALUES (1, '测试评论', NULL, NULL, NULL, NULL, NULL, NULL, 11, NULL, NULL, NULL, '2018-09-01 23:23:47', 'user_id', NULL, NULL, NULL, 0);
INSERT INTO `blog_comment` VALUES (7, '1', NULL, NULL, NULL, NULL, NULL, NULL, 11, NULL, NULL, NULL, '2018-09-02 17:51:48', 'user_id', NULL, NULL, NULL, 0);
INSERT INTO `blog_comment` VALUES (8, '2', NULL, NULL, NULL, NULL, NULL, NULL, 11, NULL, NULL, NULL, '2018-09-02 17:51:53', 'user_id', NULL, NULL, NULL, 0);
INSERT INTO `blog_comment` VALUES (9, '3', NULL, NULL, NULL, NULL, NULL, NULL, 11, NULL, NULL, NULL, '2018-09-02 17:51:57', 'user_id', NULL, NULL, NULL, 0);
INSERT INTO `blog_comment` VALUES (10, '4', NULL, NULL, NULL, NULL, NULL, NULL, 11, NULL, NULL, NULL, '2018-09-02 17:52:00', 'user_id', NULL, NULL, NULL, 0);
INSERT INTO `blog_comment` VALUES (11, '6', NULL, NULL, NULL, NULL, NULL, NULL, 11, NULL, NULL, NULL, '2018-09-02 17:52:05', 'user_id', NULL, NULL, NULL, 0);
INSERT INTO `blog_comment` VALUES (12, 'x开院风采', NULL, NULL, NULL, NULL, NULL, NULL, 11, NULL, NULL, NULL, '2018-09-02 21:01:01', 'user_id', NULL, NULL, NULL, 0);
INSERT INTO `blog_comment` VALUES (13, '哦', NULL, NULL, NULL, NULL, NULL, NULL, 11, NULL, NULL, NULL, '2018-09-11 16:47:19', 'user_id', NULL, NULL, NULL, 0);

-- ----------------------------
-- Table structure for blog_tags
-- ----------------------------
DROP TABLE IF EXISTS `blog_tags`;
CREATE TABLE `blog_tags`  (
  `id` bigint(20) NOT NULL AUTO_INCREMENT COMMENT '主键',
  `name` varchar(255) CHARACTER SET utf8 COLLATE utf8_general_ci NULL DEFAULT NULL COMMENT '标签名字,input,YES,false,true,true',
  `sort` int(11) NULL DEFAULT NULL COMMENT '排序,0,YES,false,false,false',
  `create_date` datetime(0) NULL DEFAULT NULL COMMENT '创建时间',
  `create_by` bigint(20) NULL DEFAULT NULL COMMENT '创建人',
  `update_date` datetime(0) NULL DEFAULT NULL COMMENT '修改时间',
  `update_by` bigint(20) NULL DEFAULT NULL COMMENT '修改人',
  `remarks` varchar(255) CHARACTER SET utf8 COLLATE utf8_general_ci NULL DEFAULT NULL COMMENT '备注',
  `del_flag` tinyint(4) NULL DEFAULT NULL COMMENT '删除标记',
  PRIMARY KEY (`id`) USING BTREE
) ENGINE = InnoDB AUTO_INCREMENT = 1 CHARACTER SET = utf8 COLLATE = utf8_general_ci COMMENT = '博客标签,1' ROW_FORMAT = Compact;

-- ----------------------------
-- Table structure for client_class_category
-- ----------------------------
DROP TABLE IF EXISTS `client_class_category`;
CREATE TABLE `client_class_category`  (
  `value` varchar(255) CHARACTER SET utf8 COLLATE utf8_general_ci NOT NULL,
  `title` varchar(255) CHARACTER SET utf8 COLLATE utf8_general_ci NOT NULL,
  PRIMARY KEY (`value`) USING BTREE
) ENGINE = InnoDB CHARACTER SET = utf8 COLLATE = utf8_general_ci ROW_FORMAT = Compact;

-- ----------------------------
-- Records of client_class_category
-- ----------------------------
INSERT INTO `client_class_category` VALUES ('25719710465130536', '1年级1班');
INSERT INTO `client_class_category` VALUES ('25719710465130537', '1年级2班');
INSERT INTO `client_class_category` VALUES ('25719710465130538', '1年级3班');
INSERT INTO `client_class_category` VALUES ('25719710465130539', '2年级1班');
INSERT INTO `client_class_category` VALUES ('25719710465130540', '2年级2班');
INSERT INTO `client_class_category` VALUES ('25719710465130541', '2年级3班');
INSERT INTO `client_class_category` VALUES ('25719710465130542', '3年级1班');
INSERT INTO `client_class_category` VALUES ('25719710465130543', '3年级2班');
INSERT INTO `client_class_category` VALUES ('25719710465130544', '3年级3班');
INSERT INTO `client_class_category` VALUES ('25719710465130545', '4年级1班');
INSERT INTO `client_class_category` VALUES ('25719710465130546', '4年级2班');
INSERT INTO `client_class_category` VALUES ('25719710465130547', '4年级3班');
INSERT INTO `client_class_category` VALUES ('25719710465130548', '5年级1班');
INSERT INTO `client_class_category` VALUES ('25719710465130549', '5年级2班');
INSERT INTO `client_class_category` VALUES ('25719710465130550', '5年级3班');
INSERT INTO `client_class_category` VALUES ('25719710465130551', '6年级1班');
INSERT INTO `client_class_category` VALUES ('25719710465130552', '6年级2班');
INSERT INTO `client_class_category` VALUES ('25719710465130553', '6年级3班');

-- ----------------------------
-- Table structure for client_floating_button
-- ----------------------------
DROP TABLE IF EXISTS `client_floating_button`;
CREATE TABLE `client_floating_button`  (
  `id` bigint(20) NOT NULL AUTO_INCREMENT,
  `label` varchar(255) CHARACTER SET utf8 COLLATE utf8_general_ci NULL DEFAULT NULL COMMENT '名称',
  `icon` text CHARACTER SET utf8 COLLATE utf8_general_ci NULL COMMENT '图标',
  `button_order` int(5) NULL DEFAULT NULL COMMENT '顺序',
  `level` int(5) NULL DEFAULT NULL COMMENT '级别',
  PRIMARY KEY (`id`) USING BTREE
) ENGINE = InnoDB AUTO_INCREMENT = 5 CHARACTER SET = utf8 COLLATE = utf8_general_ci ROW_FORMAT = Dynamic;

-- ----------------------------
-- Records of client_floating_button
-- ----------------------------
INSERT INTO `client_floating_button` VALUES (1, '行政简讯', 'data:image/png;base64,iVBORw0KGgoAAAANSUhEUgAAAMgAAADICAYAAACtWK6eAAAPUElEQVR4Xu2dTa4VRxKFI6SetNSSzQoMk+6hQeq5YQU2KzBeAXgFhhUYVgCswLACw7wlm2H3xLACg9RST1qK1kF56eur9+7LyKisjKw6Jb3Ry8jKOhHfzci/KhVeVIAKXKqAUhsqQAUuV4CAMDqowBkFCAjDgwoQEMYAFWhTgD1Im2602okCBGQnjuZjtilAQNp0o9VOFCAgO3E0H7NNAQLSphutdqIAAdmJo/mYbQoQkDbdaLUTBQjIYEeb2VelCddFBH+43pY/UdXXg5u469sTkJXdb2aA4FsRuV3+alrwSkTw91xVAQ+vlRQgICsJbWYA4r6IfBO85QsReaKqAIZXZwUISGeBS4/x1NFb1LYIgHzHHqVWrrZyBKRNtyorM/tBRB5WFW4v9FBVH7Wb0/KcAgSkQ3yY2ecigl4jmk7Vtg5pF3qT97UGLFenAAGp06m6VIHjZxG5WW20TMFfReQOIVlGzEMtBGRBPQfCcXgKQrKgP1EVAVlI0ARwfIJEVW8t9Fi7r4aALBQCZva4TOMuVGOoGkwDPwjVQOOPChCQBQKhrHFg3JHpwniEayVBjxCQoIAwN7PfjraJtNSI7SSnwYyFxcM2lJY636rqjRZD2vxfAQISjAYzu1emdL01fShrJM8um3kq4xrUj7WUz7w3KFO/zxrsaFIUICDBUGjsPZ6LyIPaKdkCCsY42MPludiLeNS6oCwBCQhoZhgI/+is4ntVRbC7LzNDT4LVec/VfD/PTbZaloA4PVv2Vh02HR62p9fWgt24SJmaLzNDyuTuSUTksMmRu4Ed6hOQSrHMDEGJHqN1hfyNqrba/qGVZoYFwS8rm35aDLaPVRVpHq8rFCAgZwQquT96C/zqe3uL05oXm3ZdaFoZPQlSPfRq3MN1SRwQkAuEOQIDPQY2Hkavd6oaBey0F0GAfxFtmIgADoCCxUWCciIoATkRxMzQY2AwvAQYh9oXHyg3ThCc4wlwYOv8kwWg20wVBKS40sywNR0zUov+0pfqry3961x6ud87RCJ6JgCNQf3ur90D0vHE3yG4Xqpql3MhZoYg/rpTFPPE4t73YnVKp07j9W6vX+PAKn4tU7tPu3bZg6zQayAAsZXkRXTd46pILusi6KFatqJcVf3h/7vtTXYHSJki/WnhQfghkD5CUcBYNYcvYyiA0gsW9CboDXe1Q3hXgHR8iQIW3dBbrArFZT//R7B4V9xrepRdvSRiF4B0eonCuzIdDDBSrh+U50aPgvWc1pX3i6DZzUsiNg9Ih6OwOLuBX9GpUo2SWmJ9J3LG5BiWXZx/3zQgZoa9Tzjpt8Si35RgnP78LwwK1kwwLgEsm7w2C8iCcCCVujdbj3FVtBZQsDM4ul0F6SX2mW0Skk0CshAcH0/8tZ7duCpAs/y/bFlpPbF4eIzNQrI5QBaCA+kUeo1dnJ0o60LoTSLjk01CsilAFoBjF73GmelhzHZFepPNQbIZQMqv4C+BAfmb0mtsMpeuTenKjwymcVvHJoDk1lZ6300AssBU7ssCR8r1jNrgXqpc0RMpV+tGyM1MAW8FEGwdad0x+0hVe3+iYKnYXbWexpdEHNqIBdS7qza4w82mByToRHwygO+NOhNYwR3D0//4TA1I2XOE3qPlIhyVqgUh6bbdv7L5oWLTAhIclBMOZ9gEIJl60D4zINhCgvfXei/C4VWslA9A8kpV7zTedqjZlIAEXlhAOILhFoBk8RdXBB+lynw6QAKp1fQDxiqPrlCocWJkylRrRkBaUqtuL05YIR5T3qLxhRHTpVpTAdLYvWOF/HbWQ00po7+iUWUxEWdivAexpkpzpwGkOARbSTzvrcLeKsCx6+0jFfHeVKRsSwEknhdGYAMotqJMsWthJkD46v+mMO5r1DhhMs14cApAGgfmHHf0ZeNT7WaGXsSzVX6aAfssgHi/iYHU6vos3fhKcdztNiX9RerkSbWm+BJvekCK+PhIpudc+VQDwW6Ru2LFDRMo6EVuZP8RmwEQ79jjtaq2rLCvGE7bvFXDh33Sj0VSA9LYeyz2oZpthnG/p2r4sE/6XiQ7IN6PZHJg3i/+q2puWEBMvQUlOyAYe3jWPZDT7uJFC1XROqBQmXGE32qv1J+qTgtIWYTCwmDtFf6CbO2NWO68Ag1f4sXCYcrF3MyAeKd2OfZIQm7DWCTtj1tmQPB5sdqpXc5cJYHj0Azn4uF7Vb2W7BE+NiclIA1Haac+1pkxMKJtalgXSenDrIB40qsPqlrb00T9TnuHAmaGadza1fWUaVZWQDyzV1NsWXDE1WaKOgfrKWez0gHSMHuVdgZkM5He+CBb8GVGQDxbS96pqmedpNHVNGtVwMywLlX7GtN0i4YZAfFsnWZ61Rq5K9k506x0s5EZATGH71LOfDjav/mi3hlJVU0Vk6ka481Zs4m5+WhveMCy4RRrWrVXqjFlNkDuicjTSiXTdceV7d5dMeeiYaqzPNkAeSwi9ysjiOOPSqFGFzOzaf2aDRDPAD3VL83oIMx8f+eqeqrMIBsgnv1XqXLVzAE6um3OsWWqfVnZAKmeweIAfXTY++5vZlP6Ng0gzl+ZN6p60+cilh6pgHPBMM3Bt0yA4EULeO9uzZUqT61p8N7LOGey0pztyQSIZ4o35c7PvUNw7vmdK+ppJmAyAeLZg5X+dTGE5Y8KOD+ZkMa/BISRvIoCBCQo86wCBh97N+az+nfWHiRNjrqbCA8+qHOxkCnWqd7OX5g0sxzBuNmNufNNJwSEgOyGjY8P6gQkzTT+rCkWe5DJ+CIgQYcxxQoKmNycgAQdRECCAiY3JyBBBxGQoIDJzQlI0EEEJChgcnMCEnQQAQkKmNycgAQdRECCAiY3JyBBBxGQoIDJzQlI0EEEJChgcnMCEnQQAQkKmNycgAQdRECCAiY3JyBBBxGQoIDJzQlI0EEEJChgcnMCEnQQAQkKmNycgAQdRECCAiY3JyBBBxGQoIDJzQlI0EEEJChgcnMCEnQQAQkKmNycgAQdRECCAiY3JyBBBxGQoIDJzQlI0EEEJChgcnMCEnQQAQkKmNycgAQdRECCAiY3JyBBBxGQoIDJzQlI0EEEJChgcnMCEnQQAQkKmNycgAQdRECCAiY3JyBBBxGQoIDJzQlI0EEEJChgcnMCEnQQAQkKmNycgAQdRECCAiY3JyBBBxGQoIDJzQlI0EEEJChgcnMCEnQQAQkKmNycgAQdRECCAiY3JyBBBxGQoIDJzQlI0EEEJChgcnMCEnQQAQkKmNycgAQdRECCAiY3JyBBBxGQoIDJzQlI0EEEJChgcnMCEnQQAQkKmNycgAQdZGaPReR+ZTV3VPVVZVkWS6AAAQk4wcyui8gvIvJ5ZTUEpFKoLMWcgLwXkVuq+nZ0+3V0A3B/M/tZRG472kJAHGJlKOoEBE1+pap3Rrd9OCBm9kBEfnQKQUCcgo0u3gAImvy9qiL1HnYNBaQhtYJQH0TkZobud5jXJrxx8fWvIvKZo/nDU63RgHhTqxS/Kg4Hs+iRAo3ZwtBUaxggjWK9VlXPWIUBmkwBM8Ps41fOZg1LtYYAwtTKGR4bKj5bqjUKEKZWGwp676M0Zg9DUq3VAWkUh6mVNwqTl58l1VoVEKZWyaN2xebNkmqtDQhTqxWDMPutGrOJVVOt1QBpFIOpVfYoD7Yve6q1CiBMrYJRtGHz7KnWWoAwtdpwkEcfrTG7WCXV6g5I48MztYpG3WT2WVOtroAwtZosSgc2N2uq1RuQn0TkG6fuw7YVONvJ4gsr0JhtvFDVuws35VN13QApvwi/ORvO1Mop2NaKN6ZaN3rt7u4JiOcILfzMbexbi/aG52lMtZ6oKs4VLX71BARHaG86WszUyiHWlos2pFrdMo+egJjDid0e0NEGFk2kgDfVUtUusdylUuhsZh5A7onI8AP6IvI3EflzRZy8qSiTsciXFY36j4j8s6Jc7yJ4kcez2ptsHZBaHViOClyowIyA4PxxzS8WXU4Fogq8UVXPeLf6fj1TLHSP31a3hAWpQLsCz1UVafriV09AsECIhUJeVKC3AndV9UWPm3QDpAzUMfD+okfDWScVKAq8U1UM6LtcvQFhL9LFbaz0SIFuvQfu0RWQ0otwLMJ47qVAt7HHocHdASEkvWJj9/V2h2OVHuTgRuf3P3bvfQpwVoFHqvpwDY1W6UGOIMFcNR7s6zUejvfYnAIvET+qijW2Va5VATkCBd8BwStED4s7WV4n+tey1eQvIvInhwf+ISL/dpRfoyie4e+OG/23PAO2mvzLYdez6OEjSQACR2zxMutVryGArPqEDTdr2E26yvloz6M0fHOFu6kvEJiAXCCKmaGH+90TkBm+ZXHUQ7d8c+XaiF9op8arFycgl0huZi3T0/hs2Gr58UVNNzOkrTiL47lWmRHyNChLWQJyOSBYnfUeGUaOjK9fDYGkwIFXLNV+6/Hw9N2OrGYJ9NZ2EJAzyjX2IkMgCcDR7bhqa1BmsiMg5wHBLzH2k3k+G4YaAQm2QKzyqery/T9sDPX2HHgPwHWOPS4PAgJyxc9Vw4zWcY0PVPVJz19EM8O35Vs/dMmZqyucQ0Aqotd7PvqkSoxHEIiL9ial18DXgVsPCr1UVe87yyrU2lYRAlLhzzLt25JqHdeOWTHMFoVAKWDgIFrkgBBTqwq/owgBqRSqcfr0otoBGlIivMmlarar3BsfvsT6xhJnH4ZPR1fKPrwYAXG4wMzwq/3UYVJTFD0KoDl9qwtAwN/S23C+U9Xqt4XUPMCWyxAQp3c7QeJsRXNxwuGUjoA4BUPxSSEhHA2+JiANok0ICeFo9DMBaRSuQIIpVowhvAuJgbu6TDFbdbt2MsBV804KE5Cgo8sUMAa92Q6B4XDRPa6SxxxMQGL6fbI2Myy6AZTRvQl6DYDR5T1RC8k1TTUEZEFXld4EaxU/LFitp6pHWGNhr+GR7HxZArKclse9CdYvsGYCWHr3KOgxsPD4rNdXljpINE2VBKSjq0qPgtQLsGAlfMnrdUnp8I2+1c9qL/kgmesiICt55wiWw8sqvG++xzdJPr68QEQIxUp+IyArCX3RbcoeK5zhwHTx6VkO9AoA4j2nacc5iYCM0553nkABAjKBk9jEcQoQkHHa884TKEBAJnASmzhOAQIyTnveeQIFCMgETmITxylAQMZpzztPoAABmcBJbOI4BQjIOO155wkUICATOIlNHKcAARmnPe88gQIEZAInsYnjFPgftsyTI0mkgoEAAAAASUVORK5CYII=', 0, 1);
INSERT INTO `client_floating_button` VALUES (2, '公告新闻', 'data:image/png;base64,iVBORw0KGgoAAAANSUhEUgAAAIAAAACACAYAAADDPmHLAAAHgElEQVR4Xu2d/ZEUNxDF1REYR+C7CLAjMERgE4EhAkMEcBGYiwAcAUcEhgjAEfgcgSGCdj2sxVtbt6PWaEZ6knr+uSqYGUn9ftvSdOtDgl9TW0Cmbr03PjgAk0PgADgAk1tg8ua7B3AAJrfA5M2f2gOo6j0R+TQzA1MBoKoXIYTnIQT8fRCFBwAfQwg3InI9GwzTAKCqv4YQXoQQ7i2IDBCeiAj+TnFNAYCqvgohPM5Q9JGI3GTc3+2twwOgqj+HEN5kKoRu4XKG8cHQAGCQF0L4K+H2z7GBMcGjTHC6u310AOD24f7XXt+O7gVGB+BlCAGDv7XXQxF5t/bhHp4bHQCI92OBEFcigi+HYa/RAcDn3P0C9YYfBwwLgKqW9v8Hbl6LyJMCiKgfHRKAGPRB/7/VNSwEwwGwIuhjhQSBIUQJh8odDAXAjuIfIMGYAl8Gw0AwDAAVxB8Sgu4BiNE+hHoP2b1zLv294ZPwM7KCIQSEj79Z6BvgCZAvuLX2H6z3dQ1AFP+PEML3CQOj736tqoAE3/WnsYGD8C8gqqrifYghLEGAbgDdQdeZw24ByBX/GJD47Fdo7or2zQJBlwBEcRDjX/rl41f9uCStOwME3QEQRYHbX5rYAfEfbOGe4ywijAuWIoroDp6hm2Ht68/VqysAaot/MFrsMjAmSIWVv4w1eoKgGwBaiT86BF0AYIzr/xnd/m5BmgxPgK+Jqx48AT0ALOKffEXAzf+SELiL/AE1AIziH3UJQ0BAC4Cq/hZCeJr4lb2Nn3q7uf2l8lW1ewgoATDG9X8XkZyp3rt0yaqKyCIWmyxdtEkkOgB6Ev+oO7BMPqGEgAaAOMKG20/9qil++ac/d+N4hQ4CCgAy4vqItm0502fTbiEDAprlZ80ByBC/iyhbb/mDpgCMJv7RmKCbdHIzADJCu097i68DhAxPgIklzRafNAEgQ/xNMnqbdvQZL4vtRKyANolUHYBZxO8liVQVgLhUGxM5quTyM36su96akUSqPtCtBoDxEwkhXYR/u59seQdRgB7dwRL8eOyliDzblcijl1cBwCh+rTb3UE61TGIxALFPx+zZc9OyQXwqqdODKLXriGlo52Yc498/iQimuhddqwA4Ctti/nzKpRVV0B9etAC6THxCIkK6qtvMBiC6c8TsXXguOleNHbIAMGbquMwyV23gDRBYMs+PMAOgqujH8cv3i9sCWQNIEwBxoPeBu91euyMLmOMJVgCwECO1+BLlF49KXcakBZBoWlqziBfcishl8k0hpE8MiStjsNfe0oUp0BiEmPseS+X8nrstEAfimBexBIJpt9OkBzD0/WZ344JuZwFDttE0c8oCwNKkx/ciYukatmu5v+mrBRITUk3aWABY2muPeorW6KwkBuemcUApAMPvpMkOkarquTqKSFLf5A2quuQBHIDGhDgAjQVoXbwD0FqBxuU7AI0FaF28A9BagcblOwCNBWhdvAPQWoHG5dMDEGcPYTcNn0ByNyzInyBsuyqPQg2AcQ1A498QRfGrt5ljBwATG3+iMHEflfghd29DdgD+cdefRV52boUdgNIze7KsN8DNphz+cTvZAbDsnzOAbps0AdvbXuQOBqkBgFlUtfTsvk2sS/6Sv+NuZ9nLxOkBIDd899VzALqXsKwBDkCZ/bp/2gHoXsKyBjgAZfbr/mkHoHsJyxrgAJTZr/unHYDuJSxrgANQZr/un6YHIJ7kjZ1EfAXR3bgh+vdu7REz1AD45lBZDgYQPMx64r9QO+/CkMSikty2znB/9kIbdgAw0yW1ln0GYa1tvBIRZFDNFzsAS8vKzI2c6MbhPAAGfthdxK+0BUzLuU9fQ+0BUNk4MRTHwKSOeE+baMw7vuz1t/YkFHoAxtSMp1UOAI8WTWriADQxO0+hDgCPFk1q4gA0MTtPoQ4AjxZNauIANDE7T6EOAI8WTWpCD4DxGPgmxksUivN9sFZv1bLtWg2iBsB4tHotW60p51pEqI+7YQcAW8z3HAI27ba5hqytnmEHoPd08GcRod7ZhB2A3jeIeCsimM5Ge7EDYDlFm9W4WK5Nf3YxNQAxHQwXinQwtSs9oRBdF87eof4CiPblnRPI+tMeqV70HmAkYzO2xQFgVKVinRyAisZmLMoBYFSlYp0cgIrGZizKAWBUpVKdUmc61jgzKHslSyXbTFGMqiJK+eZMY01hbMuhUUubPdInS0YmQVWXjvQ1LTSxAJA6NTx7f9uRRanVNsPKa1MewwIA4vmpk8PhJZA7pw+d1hJor3Jiv/88hteXijH9MJMAxHjzbQjhO0Ojsrc6NbzTb/nfAvgxWnMqlyIC3RYvKwBI5rxKvcz/n8YCpoOjUVsTANEL9J7bp1Fn54pk7TqeAwBcD1z8/Z0b4K9fb4HsOQxmAKIXcAjWi7P3k9niZ3UBx7VXVXwaYuTv27/sLavt/dfQY81XWJYHOK1LjEQhGnVhq6fftaEF8MmNcdnNGuEP9SgCYMPG+KsaWcABaGR4lmIdABYlGtXDAWhkeJZiHQAWJRrVwwFoZHiWYh0AFiUa1cMBaGR4lmL/Ba22Rr0FkvpiAAAAAElFTkSuQmCC', 1, 1);
INSERT INTO `client_floating_button` VALUES (3, '班级作业', 'data:image/png;base64,iVBORw0KGgoAAAANSUhEUgAAAMgAAADICAYAAACtWK6eAAANkklEQVR4Xu2dW8wdVR3F14o8IBBLAwoWEVEfMATbJoRolBS1D0KDECtJTYXW+KKJpi0abxFKAybeQLBRn+RitaYGBLEgxlSKqQ8GgoiElEQMcitE0rRRQB7gb/7JtH58PTOzzzl77+/sPWsSUpJvz/+yZv3O3nvOOXMIHVJACrQqQGkjBaRAuwICRO6QAh0KCBDZQwoIEHlACkymgGaQyXTTWQNRQIAM5EKrzckUGDwgZnYygHMA+L9vAXDUZFIWfdbRAM4AcFKjw6w0818AzwPYC+C5gKJeasY9RfLegPG9QwYLiJmtBPB5ABf1qqQBJSrwLwC3ANhK8slJGxgcIGZ2JoAfAlgxqWg6rygFXgFwA4BrSP573MoHBYiZrQawA8AbxhVK44tX4O8APkjSl2zBx2AAERzBnqh5oEPyfpIvhDY5CEDMbCmABwa6AQ/1wlDG/RnAB0i+GtJwUkDMzNf6HwOwGMCDAD5L8tGQwmKNMbNjADwM4F2xYipO8Qr4fuSKkC6SAWJmvwfgd4rmHr5JWkbyHyHFxRhjZj8A8IWAWC8C+BsA39TVehwPwGfTWo4DAP46pxl/IX5vYHNLSfoLZ+eRBBAzu6y5xTYq+W9JXtBXWIy/m9kSAM/0xNoCYBvJx2PknOUYZnYxgNs7anSzrSf50EL3YWYOs9d7U0ctB0g6FK87zOx9AK4e8QI9d9ytJC/p6zMVIN7U+rbkJJPkHSHU9wFsbKnDZ7PzSf6pT6Ra/m5mVwHY3NHPFpI+ZmYOM9vddUu+y0tmdj2ADR3NvIekvwnZeiQxqpnd7ebryHsKyWdTXwUz8zeLTmzJcxHJO1PXMEvxhwaIa9/jxStJ+kyTHZC7AHQto5aQ3JfSPGa2DMBfWnLcRvITKfPPYuyBAnIKgKdbrscekucuBCALPoOY2eUArm1p/iySj8yiiVPWNERAmlnkx34HtUXbY0i+3KZ7tUssM7sOwKYRjT9N8tSURpzV2AMGxFczvqoZdZxB8rEhAvJTAJeOaPxOkoP8gOKAAfFParct6VeS3DVEQHwDfuGIxn9O8lOz+iqfsq6hAtIss6xF28tIbhsiIDsBrBrR+HaSa1MacVZjDxwQ32f4917mH58heaMA+b8CAqSd4KreB5nbppkJkHmCaAaZB4JmEM0ghy1hZgJEgMz1g2YQzSDdux/NIJpBNIN0MCJABIgAESAjFdAm/cj1tvYg2oNoD9L2gqlN+pHK5FpiNR8UfYKkf6FpqmOaj7vrNm/3ckIzSOYZxMzWNd+/8U9SOxx3APD3Vp6YlBIBMqlyPedpBskzgzTf/PMvJfkX5N7Rcln8S08Oiv871iFAxpIrfLAASQtIs4w6BEbohfGZxL+x+OvQ5ZcACZV2zHECJA0gZuafhPavMZ835iWZO9yXXzf7Ew/7ll8CZAqVu04VIPEAaZZRh/YXbcuoSa+k71MclJHLLwEyqazag4yt3Lh3sczMYfCHPPjTRfwpIykPf5LK9ST9gdOHDwGSSHLNICNnkL7H/vir+af92WXN00B8fO7Dl1/+NBIHxaH0nzFohTP0CTl6o3DeZRQgIwHxfUOU383ITU1LvvtIBu2FBIgA6fVss5fwO0mLegdPPuC+ZgbwWchv/Z42eajeM33v0vbcs9edLEAESK+bfICZ+d0j33DHPA42bwpeNf+ulJk5JP5fit9jWR76FEgBIkCCDN9svH1DHGMW+Wdzu9Y3150fKzEzXwo5KLHgvIVk69M754shQARIECDNLOLG6nrmbV8sX0bdTNJno7GOBlDP70ujSSH1Zwif1wfl3MIEiAAZ16huUr9bNI5J/c6SzxZRHm7dLL8clHGeOD82HM2Lgr5ROO8VQx9W7EGm+biIQ9K1PwheRo1F6JzBzfLLQel6XpnvcxzOiR6urRlEM8ik/vSNu99x8vc8fJ9w6DdE/JXaDTn2MmrSQprll4NyaG/hM5XfdfN32e8YZ0mlPUj/q6NmkEmdWuF5mkE0g1Ro63gtCRABEs9NFUYSIAKkQlvHa0mACJB4bqowkgARIBXaOl5LAkSAxHNThZEEiACp0NbxWhIgAiSemyqMJEAESIW2jteSABEg8dxUYSQBIkAqtHW8lgSIAInnpgojCRABUqGt47UkQARIPDdVGEmACJAKbR2vJQEiQOK5qcJIAkSAVGjreC0JEAESz00VRhIgAqRCW8drSYAIkHhuqjCSABEgFdo6XksCRIDEc1OFkQSIAKnQ1vFaEiACJJ6bKowkQARIhbaO15IAESDx3FRhJAEiQCq0dbyWBIgAieemCiMJEAFSoa3jtSRABEg8N1UYSYAIkAptHa8lASJA4rmpwkgCRIBUaOt4LQkQARLPTRVGEiACpEJbx2tJgAiQeG6qMJIAESAV2jpeSwJEgMRzU4WRBIgAqdDW8VoSIAIknpsqjCRABEiFto7XkgARIPHcVGEkASJAKrR1vJYEyAIAYmabAawDcHq8S6lIAA4CuAfABpLPx1BEgGQGxMyuA7ApxsVTjFYF9gI4k+Rr02okQDICYmaLAeyf9qLp/CAF1pDcETSyY5AAyQvICgC7p71oOj9IgRtIbgwaKUDCZTKznQBWjThjO8m14ZGOHGlmZwO4f5oYOjdYgW+R/Frw6JaBmkEyziCeyswOAFg07YXT+b0KrCS5q3dUzwABkh+Q9QBumvbC6fxOBX5FcnUMjQRIZkCaWeRDAL4OYGWMi6gYhxV4HIDvPbbG0kSALAAgsS6e4qRXQIAIkPQuKziDABEgBds3fekCRICkd1nBGQSIACnYvulLFyACJL3LCs4gQARIwfZNX7oAESDpXVZwBgEiQAq2b/rSBYgASe+ygjMIEAFSsH3Tly5ABEh6lxWcQYAIkILtm750ASJA0rus4AwCRIAUbN/0pQsQAZLeZQVnECACpGD7pi9dgAiQ9C4rOIMAESAF2zd96QJEgKR3WcEZBIgAKdi+6UsXIAIkvcsKziBABEjB9k1fugARIOldVnAGASJACrZv+tIFiABJ77KCMwgQAVKwfdOXLkAESHqXFZxBgAiQgu2bvnQBIkDSu6zgDAJEgBRs3/SlCxABkt5lBWcQIAKkYPumL12ACJD0Lis4gwARIAXbN33pAkSApHdZwRkEiAAp2L7pSxcgAiS9ywrOIEAESMH2TV+6ABEg6V1WcAYBIkAKtm/60gXIAgBiZpsBrANwevpLPKgMBwHcA2ADyedjdC5AMgNiZtcB2BTj4ilGqwJ7AZxJ8rVpNRIgGQExs8UA9k970XR+kAJrSO4IGtkxSIDkBWQFgN3TXjSdH6TADSQ3Bo0UIOEymdlOAKtGnLGd5NrwSEeONLNzAfxxmhg6N1gBARIs1RgDEwPyJgC+kdSRXoG1JLdPm0ZLrIxLLE9lZt8D8MVpL5zO71TgsWaT/uq0OgmQzIA0kGwBcKlu805r3yPO99n5dwA2ktwXI7oAWQBAYlw4xcijgAARIHmcVmgWASJACrVunrIFiADJ47RCswgQAVKodfOULUAESB6nFZpFgAiQQq2bp2wBIkDyOK3QLAJEgBRq3TxlCxABksdphWYRIAKkUOvmKVuACJA8Tis0iwARIIVaN0/ZAkSA5HFaoVkEiAAp1Lp5yhYgAiSP0wrNIkAESKHWzVO2ABEgeZxWaBYBIkAKtW6esgWIAMnjtEKzCBABUqh185QtQARIHqcVmkWACJBCrZunbAEiQPI4rdAsAkSAFGrdPGULEAGSx2mFZhEgAqRQ6+Ype9YAuQvABR2tL4n1zNW2HGZ2G4CPj/j7rSQvyXNZlGVWFDAza6ml8+nxTNGAmc0CID8C8LkR/e0h6b/voWMgCpjZWwE829LuSpK72qRIBcjdAM7v0P8Ukm0FR7lsZuZPXr9yRLBXABxLcupH6kcpVEGSK2BmvmL4ZUuis0g+khuQWZhB/FekftbS+IUk/ReodAxAATP7BYA1La0eR/LFIQJyEoDnWhr/A8mPDMAbg2/RzE4F8OSkPki1xFrwGcQFMbMHASxvEeerJL89eAdVLICZHQdgD4ClLW1+meR3uySoHZDLAVzbIYAgqRQQMzsRgL9Qn9PRYu/d1FSALPgmvZlBFgHwn/B6Y4dI9wL4ZtedjEo9VGVbZnY8gPUANgPw/287gn7tOBUgM7HEaiDxGcRnEh1SYK4Cy0k+1CdJKkBuB3BxR/ITSO7vKy7G383sWAAPA3hnjHiKUYUC3yH5lZBOUgFyNYBvtBTwDMm3hRQXa4yZLQNwP4CjYsVUnGIV8Fnj7ND3wVIB8nYAe1vW/l8i2bVxTqK8mX0UgM9sRydJoKAlKPCAv4FN8oXQYpMA0qz9PwzgRgCnzSnmGpJXhBYXe5yZ+R0Nf4PwzbFjK97MK/Abf7OQ5EvjVJoMkENFmNm7AfjdpEdJvjxOcSnGmtkJALYC+GSK+Io5cwr8B8BGkj+ZpLLkgExSVI5zzGwFAP+MzmoAJ+fIqRxZFfA3CH3W2DbNJ8cHC8jcS2VmPsM5JL700kY+q4+jJvPl0z6ST8WKKkBiKak4VSogQKq8rGoqlgICJJaSilOlAgKkysuqpmIpIEBiKak4VSogQKq8rGoqlgICJJaSilOlAgKkysuqpmIpIEBiKak4VSrwP4pCJn0eoPleAAAAAElFTkSuQmCC', 2, 2);
INSERT INTO `client_floating_button` VALUES (4, '班级消息', 'data:image/png;base64,iVBORw0KGgoAAAANSUhEUgAAAMgAAADICAYAAACtWK6eAAAMPElEQVR4Xu2dW+gtZRnGnyfyKlArIzItSsQMIiqFKCu9KGvr1k1EWwSzA5Sd7HhhkBAVdmFQ7iwjoshUUANF26hZGZRBFISCh3RT0OFCUiqsdnbRG5/+le3W/zwzs9b65pt3noF9td+Z7/1+z/z+c1izZhFeTMAEtiVAszEBE9iegAXx3mECHQQsiHcPE7Ag3gdMYBwBH0HGcfNaCyFgQRYStKc5joAFGcfNay2EgAVZSNCe5jgCFmQcN6+1EAIWZCFBe5rjCFiQcdy81kIIVBUkIl4IoPy7j+TfF8LY05wxgSqCRMRhAK4GcOoBrC4GcAHJ/82Yn1tPTqCWILcDeN3TsPwiyQuTM/b0Zkxg44JExJkAru9g9DySD86YoVtPTKCGIF8A8NkOhjtJ/jAxY09txgRqCLIHwEc7GL2L5PdnzNCtJyZgQRKH66mtTsCCrM7QW0hMwIIkDtdTW52ABVmdobeQmIAFSRyup7Y6AQuyOkNvITEBC5I4XE9tdQIWZHWG3kJiAhYkcbie2uoELMjqDL2FxARqCHIJgPM7GF4E4NbEjKee2sMAysOgD5L819TNzG38GoKoZ7HmxmzO/d4N4BoAV5G8f84TqdW7BalFur1x9gL4JMn72mutnY4sSDtZTNXJpSS7nraeqq8mxrUgTcQweRO/AFC+l+P3BBwUhQWZfN9spoE/AHgjyT8301EDjViQBkJoqIV7AJxA8t8N9TRpKzUEUbd5JwXgwZ9C4GaSbzOXxwi0IMh1AO50IBsjcDSA4wC8AsChPUfZTbLcDl780oIg55C8YvFJVAAQEbsBfAXAC8Rw+0geW6Gl5oewIM1HtN4GI+L5AG4B8EqxZb9Mo9Iplvok3UGs1wG5tYg4cuu09rkdxXtJni43lrygxhHEgjS4E0XE2QCu7GjtvwAOJ7m/wfartVRDEHUXy9cg1eJ+8kARUR4z6brWOJ1keSRlsYsFWWz0QER8GcCnOhB8guRXF4yoym1en2I1uodFxHsAfKejvT0kP9Zo+1XaqnEEUYL4FKtK1E8dJCLeDOBHHcPfQLK8fHyxSwuC+C7WRLtfRJwC4Kcdw/+W5Ksnaq+JYS1IEzFM00QPQRZ/J6sFQXyKNY0f5SL9ZAC3ieHfSfLaiVqcfNgWBPEp1kS7QY8jSOnsNyRPnKjFyYe1IJNHMF0DPQUpDS72p/IsyHT75+QjDxCk9Po1AB9f2o+u1hDEn6RPrsLTN9DzGuTAle8A8BmSNzU6pbW3VUOQ8kls14dNvkhfe6z9NjhCkMc3/ACA8svFvwNQ7nS1ujwC4F6S5TtHo5YagvgIMiqaza+0giCbb269I/wawI4xv6ZcQxD1SbrvYq13Z+i9tYHXIL2322jhTSR3DO3Nggwllqh+YYKU5I4luW9IhC0I4muQIYmtsXZBp1iPUxv8XfsagpTbgx/pyNWnWGvc6YdsaoFHkHNJXj6EUQ1BfJE+JJGKtT2OIOXi9i8AdlVsa5NDDf5jbEE2GUfj2+4hyKOPu0dEedRkJ4A3lbcvNj6trvYsyIzDq956X0EObiwi3gDgpQCOAnBI9ca3H/C08mbIdZ7O1ziC+BqkoT3owFZ6XIPcSPKMRtt/SlsRcRmA8zr6bfIaxII0uodZEB2MjyCaUdoKC6KjtSCaUdoKC6KjtSCaUdoKC6KjtSCaUdoKC6KjtSCaUdoKC6KjtSCaUdoKC6KjtSCaUdoKC6KjtSCaUdoKC6KjtSCaUdoKC6KjtSCaUdoKC6KjtSCaUdoKC6KjtSCaUdoKC6KjtSCaUdoKC6KjtSCaUdoKC6KjtSCaUdoKC6KjtSCaUdoKC6KjtSCaUdoKC6KjtSCaUdoKC6KjtSCaUdoKC6KjtSCaUdoKC6KjtSCaUdoKC6KjtSCaUdoKC6KjtSCaUdoKC6KjtSCaUdoKC6KjtSCaUdoKC6KjtSCaUdoKC6KjtSCaUdoKC6KjtSCaUdoKC6KjtSCaUdoKC6KjtSCaUdoKC6KjtSCaUdoKC6KjtSCaUdoKC6KjtSCaUdoKC6KjtSCaUdoKC6KjtSCaUdoKC6KjtSCaUdoKC6KjtSCaUdoKC6KjrSHIpQA+3NHK4B9319NyRR8CFkRTsiCaUdoKC6KjtSCaUdoKC6KjtSCaUdoKC6KjtSCaUdoKC6KjtSCaUdoKC6KjtSCaUdoKC6KjtSCaUdoKC6KjtSCaUdoKC6KjtSCaUdoKC6KjtSCaUdoKC6KjtSCaUdoKC6KjtSCaUdoKC6KjtSCaUdoKC6KjtSCaUdoKC6KjtSCaUdoKC6KjtSCaUdoKC6KjtSCaUdoKC6KjtSCaUdoKC6KjtSCaUdoKC6KjtSCaUdoKC6KjtSCaUdoKC6KjtSCaUdoKC6KjtSCaUdoKC6KjtSCaUdoKC6KjtSCaUdoKC6KjtSCaUdoKC6KjtSCaUdoKC6KjtSCaUdoKC6KjtSCaUdoKC6KjtSCaUdoKC6KjtSCaUdoKC6KjtSCaUdoKC6KjtSCaUdoKC6KjtSCaUdoKC6KjbUGQiwDcqlt1xUgCfwXwe5L7D14/Ik4GcFvHdm8geebIcauvFhFfB/ChjoEH/9xfC4JUB7nQAf8GYB+AnwH4Fsl9FkTvCRZEM8pa8QMA1wG4MtER5DIA53XM51ySlw8J1IIMobW82htJnjGXaUeEBZlLWEn6tCCbDjIi1O+kb7oFb388AQsynl2/NS1IP06NVlmQTQfT49bbplvw9scTsCDj2fVbs8cR5F4AD/TbmqtGEDgKwDEj1iur+HOQkeB6r9ZDkMEf3vQe3IVPEIiIVwF4v7gNejAxC7LpfajHKda7SX5v0314+48RiIjXA9gL4LAeTHyK1QPSSiUWZCV8G1k5Il4L4OcAnikGsCAbSeCAjfoUa9OEx20/Ii4E8Hmxtk+xxuHtv1YPQQZ//N9/dFd2EYiI8iDjER01czuCfAPABzvmM3hfq/GoiXrC0tcgE3kcEd8G8L5EgszyURMLMpEAatiI+ACAb1qQ7QnUOIKoR018m1ftyRv6/4g4FcDNiQRRf4wH72s1BFFN+xRrQwKozUbEywHc1VH3S5LltvAslqxP8w62ehZpzaDJiDgUwD86Wn2IZNdFfFOz7PGRwuB9rcYRxKdYTe1GT24mIv4J4FkdLZ5E8vaGp/BEa3MVxKdYDe9dEVG+k16+m77dcg3J3Q1P4UBBZnkXy0eQhveuiDgfwCWixR0kb2p4Go+2NtcjiAVpeM+KiPK0759Ei/8BcDbJ8h32ZhcL0mw0824sIq4F8I4es9gD4HMkyxtSmluyCjL44//mkpl5QxFxNIA/DpjGVQDuH1Bfq/Q0ACd0DDZ4X2vhLtbgpmvRXtI4EXEBgC8ln/Pgfa2GIL6LNZO9LiJuAfCWmbQ7pk0LMoaa13mMQESUL1HdAeDFSZk0KYi6izW46aThNTGtiHgRgHIkeVkTDa23ibNIXj1kkz7FGkJrIbVbj6BcD+CUZFM+nmR5SUjvxYL0RrWswoh4BoC3AygX769JMPtbSL516DxqCKJOsQY/QDZ0kq5fjcDWW+DL4yZnATh8ta1NsvavAOwkWb5BOWixIINwuTgiTgJw5NZXdZ/T48UPU0J7BMA9JMvp4qilhiC+zTsqGq/UAgEL0kIK7qFZAhak2WjcWAsELEgLKbiHZglYkGajcWMtELAgLaTgHpolYEGajcaNtUDAgrSQgntoloAFaTYaN9YCAQvSQgruoVkCFqTZaNxYCwRGC7L15ZodW79/1/VDLKXmxI7Jludkypd0tlvKGzXuInljC8Dcw7IIjBIkIo4DUN6T9JKKuH4CYBfJ8iZALyZQhcBgQSLiEAB3TvSNs++SfG8VMh7EBACMEWQXgClfIHYoyYedngnUIDBGkE8DuLhGc9uMMZuXKU/IyEOvicAYQXaWH5hf0/hjNnMEyYfGrOh1TGAogTGClGuQctfp+KGDraH+CpLnrGE73oQJ9CIwWJCy1YgocpSf7iqviKm1/Li8RMDXH7Vwe5xCYJQgW5I8G0B5S8QxG/5e8n4Ad/tzEO+wUxAYLcgUzXpME6hNwILUJu7xZkXAgswqLjdbm4AFqU3c482KgAWZVVxutjYBC1KbuMebFQELMqu43GxtAhakNnGPNysCFmRWcbnZ2gQsSG3iHm9WBCzIrOJys7UJWJDaxD3erAj8H30xAEFIYg+lAAAAAElFTkSuQmCC', 3, 2);

-- ----------------------------
-- Table structure for client_homework_inform_class
-- ----------------------------
DROP TABLE IF EXISTS `client_homework_inform_class`;
CREATE TABLE `client_homework_inform_class`  (
  `id` varchar(255) CHARACTER SET utf8 COLLATE utf8_general_ci NOT NULL,
  `homework_inform_id` varchar(255) CHARACTER SET utf8 COLLATE utf8_general_ci NOT NULL,
  `class_id` varchar(255) CHARACTER SET utf8 COLLATE utf8_general_ci NOT NULL,
  PRIMARY KEY (`id`) USING BTREE
) ENGINE = InnoDB CHARACTER SET = utf8 COLLATE = utf8_general_ci ROW_FORMAT = Compact;

-- ----------------------------
-- Records of client_homework_inform_class
-- ----------------------------
INSERT INTO `client_homework_inform_class` VALUES ('25779707635040256', 'f04f9d50-b50a-11e8-bd04-950643e34802', '25719710465130538');
INSERT INTO `client_homework_inform_class` VALUES ('25779707635040257', 'f04f9d50-b50a-11e8-bd04-950643e34802', '25719710465130539');
INSERT INTO `client_homework_inform_class` VALUES ('25780437930475523', 'd2bb0050-b572-11e8-a0a7-69a99eec7d79', '25719710465130537');
INSERT INTO `client_homework_inform_class` VALUES ('25780437930475524', 'de7b6c90-b572-11e8-a0a7-69a99eec7d79', '25719710465130537');

-- ----------------------------
-- Table structure for client_homework_information
-- ----------------------------
DROP TABLE IF EXISTS `client_homework_information`;
CREATE TABLE `client_homework_information`  (
  `id` varchar(255) CHARACTER SET utf8 COLLATE utf8_general_ci NOT NULL,
  `title` varchar(255) CHARACTER SET utf8 COLLATE utf8_general_ci NOT NULL,
  `content` text CHARACTER SET utf8 COLLATE utf8_general_ci NOT NULL,
  `summary` varchar(255) CHARACTER SET utf8 COLLATE utf8_general_ci NOT NULL,
  `level` int(5) NOT NULL DEFAULT 1,
  `school_code` varchar(255) CHARACTER SET utf8 COLLATE utf8_general_ci NULL DEFAULT NULL,
  `publisher` varchar(255) CHARACTER SET utf8 COLLATE utf8_general_ci NULL DEFAULT NULL,
  `publish_type` int(20) NOT NULL DEFAULT 3 COMMENT '发布类型 2-班级作业 3-班级消息',
  `homework_type_value` int(32) NOT NULL DEFAULT 0 COMMENT '作业类型 0-班级消息',
  `publish_time` datetime(0) NULL DEFAULT NULL,
  `pictures` text CHARACTER SET utf8 COLLATE utf8_general_ci NULL,
  PRIMARY KEY (`id`) USING BTREE
) ENGINE = InnoDB CHARACTER SET = utf8 COLLATE = utf8_general_ci ROW_FORMAT = Compact;

-- ----------------------------
-- Records of client_homework_information
-- ----------------------------
INSERT INTO `client_homework_information` VALUES ('d2bb0050-b572-11e8-a0a7-69a99eec7d79', '学校二作业', '作业', '作业', 3, '1001', '张华', 2, 1, '2018-09-11 11:29:00', '');
INSERT INTO `client_homework_information` VALUES ('de7b6c90-b572-11e8-a0a7-69a99eec7d79', '学校二消息', '消息', '消息', 3, '1001', '张华', 3, 0, '2018-09-11 11:29:19', '');
INSERT INTO `client_homework_information` VALUES ('f04f9d50-b50a-11e8-bd04-950643e34802', '学校一作业', '作业', '作业', 2, '1002', '李林', 2, 1, '2018-09-10 23:05:22', 'https://uploadfiles-1252875786.cos.ap-guangzhou.myqcloud.com/uploadfiles/1536591907718-FI-ofnW1X.jpg');

-- ----------------------------
-- Table structure for client_navigation
-- ----------------------------
DROP TABLE IF EXISTS `client_navigation`;
CREATE TABLE `client_navigation`  (
  `id` varchar(255) CHARACTER SET utf8 COLLATE utf8_general_ci NOT NULL,
  `key_name` varchar(255) CHARACTER SET utf8 COLLATE utf8_general_ci NOT NULL,
  `name` varchar(255) CHARACTER SET utf8 COLLATE utf8_general_ci NOT NULL,
  `url` varchar(255) CHARACTER SET utf8 COLLATE utf8_general_ci NOT NULL,
  `level` int(5) NOT NULL,
  `state` varchar(32) CHARACTER SET utf8 COLLATE utf8_general_ci NOT NULL DEFAULT 'on',
  `nav_order` int(10) NOT NULL,
  `img` varchar(255) CHARACTER SET utf8 COLLATE utf8_general_ci NOT NULL,
  `img_active` varchar(255) CHARACTER SET utf8 COLLATE utf8_general_ci NULL DEFAULT NULL,
  PRIMARY KEY (`id`) USING BTREE,
  UNIQUE INDEX `name`(`name`) USING BTREE
) ENGINE = InnoDB CHARACTER SET = utf8 COLLATE = utf8_general_ci ROW_FORMAT = Compact;

-- ----------------------------
-- Records of client_navigation
-- ----------------------------
INSERT INTO `client_navigation` VALUES ('25719710465130510', 'administrative', '行政简讯', '/pages/core/administrative/administrative', 2, 'on', 1, '/images/core/administrative/administrative.png', '/images/core/administrative/administrative@active.png');
INSERT INTO `client_navigation` VALUES ('25719710465130511', 'notice', '公告新闻', '/pages/core/notice/notice', 4, 'on', 2, '/images/core/notice/notice.png', '/images/core/notice/notice@active.png');
INSERT INTO `client_navigation` VALUES ('25719710465130513', 'homework', '班级作业', '/pages/core/homework/homework', 3, 'on', 3, '/images/core/homework/homework.png', '/images/core/homework/homework@active.png');
INSERT INTO `client_navigation` VALUES ('25719710465130514', 'class_inform', '班级消息', '/pages/core/class_inform/class_inform', 3, 'on', 4, '/images/core/class_inform/class_inform.png', '/images/core/class_inform/class_inform@active.png');

-- ----------------------------
-- Table structure for client_notice
-- ----------------------------
DROP TABLE IF EXISTS `client_notice`;
CREATE TABLE `client_notice`  (
  `id` varchar(255) CHARACTER SET utf8 COLLATE utf8_general_ci NOT NULL,
  `title` varchar(255) CHARACTER SET utf8 COLLATE utf8_general_ci NOT NULL,
  `content` text CHARACTER SET utf8 COLLATE utf8_general_ci NOT NULL,
  `summary` varchar(255) CHARACTER SET utf8 COLLATE utf8_general_ci NOT NULL,
  `publisher` varchar(255) CHARACTER SET utf8 COLLATE utf8_general_ci NOT NULL,
  `school_code` varchar(255) CHARACTER SET utf8 COLLATE utf8_general_ci NULL DEFAULT NULL,
  `level` int(5) NOT NULL,
  `publish_time` datetime(0) NULL DEFAULT NULL,
  `pictures` varchar(600) CHARACTER SET utf8 COLLATE utf8_general_ci NOT NULL,
  `notice_type` int(5) NOT NULL DEFAULT 1,
  PRIMARY KEY (`id`) USING BTREE
) ENGINE = InnoDB CHARACTER SET = utf8 COLLATE = utf8_general_ci ROW_FORMAT = Compact;

-- ----------------------------
-- Records of client_notice
-- ----------------------------
INSERT INTO `client_notice` VALUES ('25779697199611904', '1', '学校一', '1', '李林', '1002', 1, '2018-09-10 22:34:47', 'https://uploadfiles-1252875786.cos.ap-guangzhou.myqcloud.com/uploadfiles/1536590006449-lE8zm-sfO.png', 0);
INSERT INTO `client_notice` VALUES ('25779772730638336', '234', '学校一', '234', '李林', '1002', 5, '2018-09-10 23:57:13', '', 0);
INSERT INTO `client_notice` VALUES ('25780437930475521', '学校二行政', '学校二行政', '学校二行政', '张华', '1001', 5, '2018-09-11 11:28:19', '', 0);
INSERT INTO `client_notice` VALUES ('25780437930475522', '学校二新闻', '新闻', '新闻', '张华', '1001', 5, '2018-09-11 11:28:36', '', 1);
INSERT INTO `client_notice` VALUES ('25780488798994432', '下拉更新', '下拉各高校', '下拉各高校', '张华', '1001', 5, '2018-09-11 11:34:47', '', 1);

-- ----------------------------
-- Table structure for client_school
-- ----------------------------
DROP TABLE IF EXISTS `client_school`;
CREATE TABLE `client_school`  (
  `id` bigint(20) NOT NULL AUTO_INCREMENT,
  `school_code` varchar(255) CHARACTER SET utf8mb4 COLLATE utf8mb4_general_ci NULL DEFAULT NULL COMMENT '学校代码',
  `school_name` varchar(255) CHARACTER SET utf8mb4 COLLATE utf8mb4_general_ci NULL DEFAULT NULL COMMENT '学校名称',
  PRIMARY KEY (`id`) USING BTREE
) ENGINE = InnoDB AUTO_INCREMENT = 3 CHARACTER SET = utf8mb4 COLLATE = utf8mb4_general_ci ROW_FORMAT = Compact;

-- ----------------------------
-- Records of client_school
-- ----------------------------
INSERT INTO `client_school` VALUES (1, '1001', '成都德育小学');
INSERT INTO `client_school` VALUES (2, '1002', '成都育才小学');

-- ----------------------------
-- Table structure for client_student
-- ----------------------------
DROP TABLE IF EXISTS `client_student`;
CREATE TABLE `client_student`  (
  `id` varchar(255) CHARACTER SET utf8 COLLATE utf8_general_ci NOT NULL,
  `name` varchar(255) CHARACTER SET utf8 COLLATE utf8_general_ci NOT NULL,
  `class_id` varchar(255) CHARACTER SET utf8 COLLATE utf8_general_ci NOT NULL,
  `parent_id` varchar(255) CHARACTER SET utf8 COLLATE utf8_general_ci NOT NULL,
  PRIMARY KEY (`id`) USING BTREE
) ENGINE = InnoDB CHARACTER SET = utf8 COLLATE = utf8_general_ci ROW_FORMAT = Compact;

-- ----------------------------
-- Table structure for client_subject
-- ----------------------------
DROP TABLE IF EXISTS `client_subject`;
CREATE TABLE `client_subject`  (
  `value` int(32) NOT NULL,
  `title` varchar(255) CHARACTER SET utf8 COLLATE utf8_general_ci NOT NULL,
  PRIMARY KEY (`value`) USING BTREE
) ENGINE = InnoDB CHARACTER SET = utf8 COLLATE = utf8_general_ci ROW_FORMAT = Compact;

-- ----------------------------
-- Records of client_subject
-- ----------------------------
INSERT INTO `client_subject` VALUES (1, '语文');
INSERT INTO `client_subject` VALUES (2, '数学');
INSERT INTO `client_subject` VALUES (3, '英语');
INSERT INTO `client_subject` VALUES (4, '美术');
INSERT INTO `client_subject` VALUES (5, '计算机');

-- ----------------------------
-- Table structure for client_type_level
-- ----------------------------
DROP TABLE IF EXISTS `client_type_level`;
CREATE TABLE `client_type_level`  (
  `id` varchar(255) CHARACTER SET utf8 COLLATE utf8_general_ci NOT NULL,
  `user_type` int(5) NOT NULL,
  `level` int(5) NOT NULL,
  `description` varchar(255) CHARACTER SET utf8 COLLATE utf8_general_ci NOT NULL,
  PRIMARY KEY (`id`) USING BTREE
) ENGINE = InnoDB CHARACTER SET = utf8 COLLATE = utf8_general_ci ROW_FORMAT = Compact;

-- ----------------------------
-- Records of client_type_level
-- ----------------------------
INSERT INTO `client_type_level` VALUES ('25719710465130529', 0, 0, '管理员');
INSERT INTO `client_type_level` VALUES ('25719710465130531', 1, 2, '普通教师');
INSERT INTO `client_type_level` VALUES ('25719710465130532', 1, 1, '行政');
INSERT INTO `client_type_level` VALUES ('25719710465130533', 1, 3, '代课教师');
INSERT INTO `client_type_level` VALUES ('25719710465130534', 1, 4, '临时工');
INSERT INTO `client_type_level` VALUES ('25719710465130535', 2, 1, '家长');

-- ----------------------------
-- Table structure for client_user
-- ----------------------------
DROP TABLE IF EXISTS `client_user`;
CREATE TABLE `client_user`  (
  `id` varchar(255) CHARACTER SET utf8 COLLATE utf8_general_ci NOT NULL,
  `username` varchar(32) CHARACTER SET utf8 COLLATE utf8_general_ci NULL DEFAULT NULL,
  `password` varchar(255) CHARACTER SET utf8 COLLATE utf8_general_ci NULL DEFAULT NULL,
  `phone` varchar(11) CHARACTER SET utf8 COLLATE utf8_general_ci NULL DEFAULT NULL,
  `description` varchar(255) CHARACTER SET utf8 COLLATE utf8_general_ci NULL DEFAULT NULL COMMENT '描述',
  `school_code` varchar(255) CHARACTER SET utf8 COLLATE utf8_general_ci NULL DEFAULT NULL COMMENT '学校编码',
  `user_type` int(5) NOT NULL COMMENT '0-管理员 1-教师 2-家长',
  `level` int(5) NULL DEFAULT 4 COMMENT '用户级别 0-管理员 1-行政老师 2-普通教师 3-家长 4-普通职工 5-游客',
  PRIMARY KEY (`id`) USING BTREE,
  UNIQUE INDEX `id`(`id`) USING BTREE,
  UNIQUE INDEX `username`(`username`) USING BTREE
) ENGINE = InnoDB CHARACTER SET = utf8 COLLATE = utf8_general_ci COMMENT = '用户表' ROW_FORMAT = Compact;

-- ----------------------------
-- Records of client_user
-- ----------------------------
INSERT INTO `client_user` VALUES ('111', '张强', '222222', '13366668888', '张珊珊的家长', '1001', 2, 3);
INSERT INTO `client_user` VALUES ('222', '张华', '111111', '15388478181', '校长', '1001', 1, 1);
INSERT INTO `client_user` VALUES ('333', '李林', '222222', '15388478188', '综合组组长', '1002', 1, 1);

-- ----------------------------
-- Table structure for client_user_class
-- ----------------------------
DROP TABLE IF EXISTS `client_user_class`;
CREATE TABLE `client_user_class`  (
  `id` varchar(255) CHARACTER SET utf8 COLLATE utf8_general_ci NOT NULL,
  `user_id` varchar(255) CHARACTER SET utf8 COLLATE utf8_general_ci NOT NULL,
  `class_id` varchar(255) CHARACTER SET utf8 COLLATE utf8_general_ci NOT NULL,
  PRIMARY KEY (`id`) USING BTREE
) ENGINE = InnoDB CHARACTER SET = utf8 COLLATE = utf8_general_ci ROW_FORMAT = Compact;

-- ----------------------------
-- Records of client_user_class
-- ----------------------------
INSERT INTO `client_user_class` VALUES ('25719710465130554', '111', '25719710465130536');
INSERT INTO `client_user_class` VALUES ('25719710465130556', '222', '25719710465130537');
INSERT INTO `client_user_class` VALUES ('25719710465130557', '333', '25719710465130538');
INSERT INTO `client_user_class` VALUES ('25719710465130558', '333', '25719710465130539');

-- ----------------------------
-- Table structure for hat_area
-- ----------------------------
DROP TABLE IF EXISTS `hat_area`;
CREATE TABLE `hat_area`  (
  `id` int(11) NOT NULL,
  `areaID` varchar(255) CHARACTER SET utf8 COLLATE utf8_general_ci NULL DEFAULT NULL,
  `area` varchar(255) CHARACTER SET utf8 COLLATE utf8_general_ci NULL DEFAULT NULL,
  `father` varchar(255) CHARACTER SET utf8 COLLATE utf8_general_ci NULL DEFAULT NULL,
  PRIMARY KEY (`id`) USING BTREE
) ENGINE = InnoDB CHARACTER SET = utf8 COLLATE = utf8_general_ci ROW_FORMAT = Compact;

-- ----------------------------
-- Records of hat_area
-- ----------------------------
INSERT INTO `hat_area` VALUES (1, '110101', '东城区', '110100');
INSERT INTO `hat_area` VALUES (2, '110102', '西城区', '110100');
INSERT INTO `hat_area` VALUES (3, '110103', '崇文区', '110100');
INSERT INTO `hat_area` VALUES (4, '110104', '宣武区', '110100');
INSERT INTO `hat_area` VALUES (5, '110105', '朝阳区', '110100');
INSERT INTO `hat_area` VALUES (6, '110106', '丰台区', '110100');
INSERT INTO `hat_area` VALUES (7, '110107', '石景山区', '110100');
INSERT INTO `hat_area` VALUES (8, '110108', '海淀区', '110100');
INSERT INTO `hat_area` VALUES (9, '110109', '门头沟区', '110100');
INSERT INTO `hat_area` VALUES (10, '110111', '房山区', '110100');
INSERT INTO `hat_area` VALUES (11, '110112', '通州区', '110100');
INSERT INTO `hat_area` VALUES (12, '110113', '顺义区', '110100');
INSERT INTO `hat_area` VALUES (13, '110114', '昌平区', '110100');
INSERT INTO `hat_area` VALUES (14, '110115', '大兴区', '110100');
INSERT INTO `hat_area` VALUES (15, '110116', '怀柔区', '110100');
INSERT INTO `hat_area` VALUES (16, '110117', '平谷区', '110100');
INSERT INTO `hat_area` VALUES (17, '110228', '密云县', '110200');
INSERT INTO `hat_area` VALUES (18, '110229', '延庆县', '110200');
INSERT INTO `hat_area` VALUES (19, '120101', '和平区', '120100');
INSERT INTO `hat_area` VALUES (20, '120102', '河东区', '120100');
INSERT INTO `hat_area` VALUES (21, '120103', '河西区', '120100');
INSERT INTO `hat_area` VALUES (22, '120104', '南开区', '120100');
INSERT INTO `hat_area` VALUES (23, '120105', '河北区', '120100');
INSERT INTO `hat_area` VALUES (24, '120106', '红桥区', '120100');
INSERT INTO `hat_area` VALUES (25, '120107', '塘沽区', '120100');
INSERT INTO `hat_area` VALUES (26, '120108', '汉沽区', '120100');
INSERT INTO `hat_area` VALUES (27, '120109', '大港区', '120100');
INSERT INTO `hat_area` VALUES (28, '120110', '东丽区', '120100');
INSERT INTO `hat_area` VALUES (29, '120111', '西青区', '120100');
INSERT INTO `hat_area` VALUES (30, '120112', '津南区', '120100');
INSERT INTO `hat_area` VALUES (31, '120113', '北辰区', '120100');
INSERT INTO `hat_area` VALUES (32, '120114', '武清区', '120100');
INSERT INTO `hat_area` VALUES (33, '120115', '宝坻区', '120100');
INSERT INTO `hat_area` VALUES (34, '120221', '宁河县', '120200');
INSERT INTO `hat_area` VALUES (35, '120223', '静海县', '120200');
INSERT INTO `hat_area` VALUES (36, '120225', '蓟　县', '120200');
INSERT INTO `hat_area` VALUES (37, '130101', '市辖区', '130100');
INSERT INTO `hat_area` VALUES (38, '130102', '长安区', '130100');
INSERT INTO `hat_area` VALUES (39, '130103', '桥东区', '130100');
INSERT INTO `hat_area` VALUES (40, '130104', '桥西区', '130100');
INSERT INTO `hat_area` VALUES (41, '130105', '新华区', '130100');
INSERT INTO `hat_area` VALUES (42, '130107', '井陉矿区', '130100');

-- ----------------------------
-- Table structure for qrtz_blob_triggers
-- ----------------------------
DROP TABLE IF EXISTS `qrtz_blob_triggers`;
CREATE TABLE `qrtz_blob_triggers`  (
  `SCHED_NAME` varchar(120) CHARACTER SET utf8 COLLATE utf8_general_ci NOT NULL,
  `TRIGGER_NAME` varchar(200) CHARACTER SET utf8 COLLATE utf8_general_ci NOT NULL,
  `TRIGGER_GROUP` varchar(200) CHARACTER SET utf8 COLLATE utf8_general_ci NOT NULL,
  `BLOB_DATA` blob NULL,
  PRIMARY KEY (`SCHED_NAME`, `TRIGGER_NAME`, `TRIGGER_GROUP`) USING BTREE,
  INDEX `SCHED_NAME`(`SCHED_NAME`, `TRIGGER_NAME`, `TRIGGER_GROUP`) USING BTREE,
  CONSTRAINT `QRTZ_BLOB_TRIGGERS_ibfk_1` FOREIGN KEY (`SCHED_NAME`, `TRIGGER_NAME`, `TRIGGER_GROUP`) REFERENCES `QRTZ_TRIGGERS` (`SCHED_NAME`, `TRIGGER_NAME`, `TRIGGER_GROUP`) ON DELETE RESTRICT ON UPDATE RESTRICT
) ENGINE = InnoDB CHARACTER SET = utf8 COLLATE = utf8_general_ci COMMENT = 'InnoDB free: 93184 kB; (`SCHED_NAME` `TRIGGER_NAME` `TRIGGER_GROUP`) REFER `camp' ROW_FORMAT = Compact;

-- ----------------------------
-- Table structure for qrtz_calendars
-- ----------------------------
DROP TABLE IF EXISTS `qrtz_calendars`;
CREATE TABLE `qrtz_calendars`  (
  `SCHED_NAME` varchar(120) CHARACTER SET utf8 COLLATE utf8_general_ci NOT NULL,
  `CALENDAR_NAME` varchar(200) CHARACTER SET utf8 COLLATE utf8_general_ci NOT NULL,
  `CALENDAR` blob NOT NULL,
  PRIMARY KEY (`SCHED_NAME`, `CALENDAR_NAME`) USING BTREE
) ENGINE = InnoDB CHARACTER SET = utf8 COLLATE = utf8_general_ci ROW_FORMAT = Compact;

-- ----------------------------
-- Table structure for qrtz_simprop_triggers
-- ----------------------------
DROP TABLE IF EXISTS `qrtz_simprop_triggers`;
CREATE TABLE `qrtz_simprop_triggers`  (
  `SCHED_NAME` varchar(120) CHARACTER SET utf8 COLLATE utf8_general_ci NOT NULL,
  `TRIGGER_NAME` varchar(200) CHARACTER SET utf8 COLLATE utf8_general_ci NOT NULL,
  `TRIGGER_GROUP` varchar(200) CHARACTER SET utf8 COLLATE utf8_general_ci NOT NULL,
  `STR_PROP_1` varchar(512) CHARACTER SET utf8 COLLATE utf8_general_ci NULL DEFAULT NULL,
  `STR_PROP_2` varchar(512) CHARACTER SET utf8 COLLATE utf8_general_ci NULL DEFAULT NULL,
  `STR_PROP_3` varchar(512) CHARACTER SET utf8 COLLATE utf8_general_ci NULL DEFAULT NULL,
  `INT_PROP_1` int(11) NULL DEFAULT NULL,
  `INT_PROP_2` int(11) NULL DEFAULT NULL,
  `LONG_PROP_1` bigint(20) NULL DEFAULT NULL,
  `LONG_PROP_2` bigint(20) NULL DEFAULT NULL,
  `DEC_PROP_1` decimal(13, 4) NULL DEFAULT NULL,
  `DEC_PROP_2` decimal(13, 4) NULL DEFAULT NULL,
  `BOOL_PROP_1` tinyint(1) NULL DEFAULT NULL,
  `BOOL_PROP_2` tinyint(1) NULL DEFAULT NULL,
  PRIMARY KEY (`SCHED_NAME`, `TRIGGER_NAME`, `TRIGGER_GROUP`) USING BTREE,
  CONSTRAINT `QRTZ_SIMPROP_TRIGGERS_ibfk_1` FOREIGN KEY (`SCHED_NAME`, `TRIGGER_NAME`, `TRIGGER_GROUP`) REFERENCES `QRTZ_TRIGGERS` (`SCHED_NAME`, `TRIGGER_NAME`, `TRIGGER_GROUP`) ON DELETE RESTRICT ON UPDATE RESTRICT
) ENGINE = InnoDB CHARACTER SET = utf8 COLLATE = utf8_general_ci COMMENT = 'InnoDB free: 93184 kB; (`SCHED_NAME` `TRIGGER_NAME` `TRIGGER_GROUP`) REFER `camp' ROW_FORMAT = Compact;

-- ----------------------------
-- Table structure for quartz_task
-- ----------------------------
DROP TABLE IF EXISTS `quartz_task`;
CREATE TABLE `quartz_task`  (
  `id` bigint(20) NOT NULL AUTO_INCREMENT COMMENT '主键',
  `name` varchar(255) CHARACTER SET utf8 COLLATE utf8_general_ci NULL DEFAULT NULL COMMENT '任务名称,input,YES,false,true,true',
  `cron` varchar(255) CHARACTER SET utf8 COLLATE utf8_general_ci NULL DEFAULT NULL COMMENT '任务表达式,input,YES,false,true,false',
  `target_bean` varchar(255) CHARACTER SET utf8 COLLATE utf8_general_ci NULL DEFAULT NULL COMMENT '执行的类,input,YES,false,true,false',
  `trget_method` varchar(255) CHARACTER SET utf8 COLLATE utf8_general_ci NULL DEFAULT NULL COMMENT '执行方法,input,YES,false,true,false',
  `params` varchar(255) CHARACTER SET utf8 COLLATE utf8_general_ci NULL DEFAULT NULL COMMENT '执行参数,textarea,YES,false,false,false',
  `status` int(11) NULL DEFAULT NULL COMMENT '任务状态,radio,YES,false,true,true',
  `create_date` datetime(0) NULL DEFAULT NULL COMMENT '创建时间',
  `create_by` bigint(20) NULL DEFAULT NULL COMMENT '创建人',
  `update_date` datetime(0) NULL DEFAULT NULL COMMENT '修改时间',
  `update_by` bigint(20) NULL DEFAULT NULL COMMENT '修改人',
  `remarks` varchar(255) CHARACTER SET utf8 COLLATE utf8_general_ci NULL DEFAULT NULL COMMENT '备注',
  `del_flag` tinyint(4) NULL DEFAULT NULL COMMENT '删除标记',
  PRIMARY KEY (`id`) USING BTREE
) ENGINE = InnoDB AUTO_INCREMENT = 1 CHARACTER SET = utf8 COLLATE = utf8_general_ci COMMENT = '定时任务,1' ROW_FORMAT = Compact;

-- ----------------------------
-- Table structure for quartz_task_log
-- ----------------------------
DROP TABLE IF EXISTS `quartz_task_log`;
CREATE TABLE `quartz_task_log`  (
  `id` bigint(20) NOT NULL AUTO_INCREMENT COMMENT '主键',
  `job_id` bigint(20) NULL DEFAULT NULL COMMENT '任务ID,0,YES,false,false,false',
  `name` varchar(255) CHARACTER SET utf8 COLLATE utf8_general_ci NULL DEFAULT NULL COMMENT '定时任务名称,input,YES,false,true,true',
  `target_bean` varchar(255) CHARACTER SET utf8 COLLATE utf8_general_ci NULL DEFAULT NULL COMMENT '定制任务执行类,input,YES,false,true,false',
  `trget_method` varchar(255) CHARACTER SET utf8 COLLATE utf8_general_ci NULL DEFAULT NULL COMMENT '定时任务执行方法,input,YES,false,true,false',
  `params` varchar(255) CHARACTER SET utf8 COLLATE utf8_general_ci NULL DEFAULT NULL COMMENT '执行参数,input,YES,false,true,false',
  `status` int(11) NULL DEFAULT NULL COMMENT '任务状态,0,YES,false,false,false',
  `error` text CHARACTER SET utf8 COLLATE utf8_general_ci NULL COMMENT '异常消息,textarea,YES,false,false,false',
  `times` int(11) NULL DEFAULT NULL COMMENT '执行时间,input,YES,false,true,false',
  `create_date` datetime(0) NULL DEFAULT NULL COMMENT '创建时间',
  `create_by` bigint(20) NULL DEFAULT NULL COMMENT '创建人',
  `update_date` datetime(0) NULL DEFAULT NULL COMMENT '修改时间',
  `update_by` bigint(20) NULL DEFAULT NULL COMMENT '修改人',
  `remarks` varchar(255) CHARACTER SET utf8 COLLATE utf8_general_ci NULL DEFAULT NULL COMMENT '备注',
  `del_flag` tinyint(4) NULL DEFAULT NULL COMMENT '删除标记',
  PRIMARY KEY (`id`) USING BTREE
) ENGINE = InnoDB AUTO_INCREMENT = 1 CHARACTER SET = utf8 COLLATE = utf8_general_ci COMMENT = '任务执行日志,1' ROW_FORMAT = Compact;

-- ----------------------------
-- Table structure for sys_dict
-- ----------------------------
DROP TABLE IF EXISTS `sys_dict`;
CREATE TABLE `sys_dict`  (
  `id` bigint(64) NOT NULL AUTO_INCREMENT COMMENT '编号',
  `value` varchar(100) CHARACTER SET utf8 COLLATE utf8_bin NULL DEFAULT NULL COMMENT '数据值',
  `label` varchar(100) CHARACTER SET utf8 COLLATE utf8_bin NULL DEFAULT NULL COMMENT '标签名',
  `type` varchar(100) CHARACTER SET utf8 COLLATE utf8_bin NULL DEFAULT NULL COMMENT '类型',
  `description` varchar(100) CHARACTER SET utf8 COLLATE utf8_bin NULL DEFAULT NULL COMMENT '描述',
  `sort` int(10) NULL DEFAULT NULL COMMENT '排序（升序）',
  `parent_id` varchar(64) CHARACTER SET utf8 COLLATE utf8_bin NULL DEFAULT '0' COMMENT '父级编号',
  `create_by` varchar(64) CHARACTER SET utf8 COLLATE utf8_bin NULL DEFAULT NULL COMMENT '创建者',
  `create_date` datetime(0) NULL DEFAULT NULL COMMENT '创建时间',
  `update_by` varchar(64) CHARACTER SET utf8 COLLATE utf8_bin NULL DEFAULT NULL COMMENT '更新者',
  `update_date` datetime(0) NULL DEFAULT NULL COMMENT '更新时间',
  `remarks` varchar(255) CHARACTER SET utf8 COLLATE utf8_bin NULL DEFAULT NULL COMMENT '备注信息',
  `del_flag` char(1) CHARACTER SET utf8 COLLATE utf8_bin NOT NULL DEFAULT '0' COMMENT '删除标记',
  PRIMARY KEY (`id`) USING BTREE,
  INDEX `sys_dict_value`(`value`) USING BTREE,
  INDEX `sys_dict_label`(`label`) USING BTREE,
  INDEX `sys_dict_del_flag`(`del_flag`) USING BTREE
) ENGINE = InnoDB AUTO_INCREMENT = 125 CHARACTER SET = utf8 COLLATE = utf8_bin COMMENT = '字典表,测试表' ROW_FORMAT = Compact;

-- ----------------------------
-- Records of sys_dict
-- ----------------------------
INSERT INTO `sys_dict` VALUES (1, '0', '否', 'is_or_not', '系统字段', 0, '0', '1', '2018-01-05 20:38:12', '1', '2018-01-05 20:38:15', NULL, '0');
INSERT INTO `sys_dict` VALUES (2, '1', '是', 'is_or_not', '系统字段', 1, '0', '1', '2018-01-05 20:38:40', '1', '2018-01-05 20:38:44', NULL, '0');
INSERT INTO `sys_dict` VALUES (3, 'qiniu', '七牛云存储', 'sys_rescource_source', '系统字段', 0, '0', '1', '2018-01-14 06:39:57', '1', '2018-01-14 06:39:57', NULL, '0');
INSERT INTO `sys_dict` VALUES (4, 'oss', '阿里云存储', 'sys_rescource_source', '系统字段', 1, '0', '1', '2018-01-14 06:39:57', '1', '2018-01-14 06:39:57', NULL, '0');
INSERT INTO `sys_dict` VALUES (108, '2333', '我的标签2', 'you_sign', NULL, 2, '0', '1', '2018-01-16 16:03:12', '1', '2018-01-16 17:52:15', NULL, '0');
INSERT INTO `sys_dict` VALUES (110, '322', '他的标签', 'you_sign', '我', 3, '0', '1', '2018-01-16 17:52:49', '1', '2018-01-16 18:02:37', NULL, '0');
INSERT INTO `sys_dict` VALUES (121, '1', '本站文章', 'blog_article_category', '博客内容-文章类型(此数据为系统自动创建:数据表【blog_article】中的字段【category】对应的值)', 0, '0', '1', '2018-01-17 16:05:45', '1', '2018-01-17 16:05:45', NULL, '0');
INSERT INTO `sys_dict` VALUES (122, '2', '外链', 'blog_article_category', '博客内容-文章类型(此数据为系统自动创建:数据表【blog_article】中的字段【category】对应的值)', 1, '0', '1', '2018-01-17 16:05:45', '1', '2018-01-17 16:05:45', NULL, '0');
INSERT INTO `sys_dict` VALUES (123, '0', '正常', 'quartz_task_status', '定时任务-任务状态(此数据为系统自动创建:数据表【quartz_task】中的字段【status】对应的值)', 0, '0', '1', '2018-01-24 23:41:56', '1', '2018-01-24 23:41:56', NULL, '0');
INSERT INTO `sys_dict` VALUES (124, '1', '暂停', 'quartz_task_status', '定时任务-任务状态(此数据为系统自动创建:数据表【quartz_task】中的字段【status】对应的值)', 1, '0', '1', '2018-01-24 23:41:56', '1', '2018-01-24 23:41:56', NULL, '0');

-- ----------------------------
-- Table structure for sys_group
-- ----------------------------
DROP TABLE IF EXISTS `sys_group`;
CREATE TABLE `sys_group`  (
  `id` bigint(20) NOT NULL AUTO_INCREMENT,
  `name` varchar(40) CHARACTER SET utf8 COLLATE utf8_general_ci NULL DEFAULT NULL COMMENT '分组名称',
  `parent_id` bigint(20) NULL DEFAULT NULL COMMENT '父分组ID',
  `level` bigint(2) NULL DEFAULT NULL,
  `parent_ids` varchar(2000) CHARACTER SET utf8 COLLATE utf8_general_ci NULL DEFAULT NULL COMMENT '分组序列号',
  `sort` smallint(6) NULL DEFAULT NULL COMMENT '分组排序值',
  `create_by` bigint(20) NULL DEFAULT NULL,
  `create_date` datetime(0) NULL DEFAULT NULL,
  `update_by` bigint(20) NULL DEFAULT NULL,
  `update_date` datetime(0) NULL DEFAULT NULL,
  `remarks` varchar(255) CHARACTER SET utf8 COLLATE utf8_general_ci NULL DEFAULT NULL,
  `del_flag` tinyint(2) NULL DEFAULT NULL,
  PRIMARY KEY (`id`) USING BTREE
) ENGINE = InnoDB AUTO_INCREMENT = 1 CHARACTER SET = utf8 COLLATE = utf8_general_ci ROW_FORMAT = Compact;

-- ----------------------------
-- Table structure for sys_group_ur
-- ----------------------------
DROP TABLE IF EXISTS `sys_group_ur`;
CREATE TABLE `sys_group_ur`  (
  `group_id` bigint(20) NOT NULL COMMENT '分组ID',
  `user_id` bigint(20) NULL DEFAULT NULL COMMENT '用户ID',
  `role_id` bigint(20) NULL DEFAULT NULL COMMENT '角色ID',
  PRIMARY KEY (`group_id`) USING BTREE
) ENGINE = InnoDB CHARACTER SET = utf8 COLLATE = utf8_general_ci ROW_FORMAT = Compact;

-- ----------------------------
-- Table structure for sys_log
-- ----------------------------
DROP TABLE IF EXISTS `sys_log`;
CREATE TABLE `sys_log`  (
  `id` bigint(50) NOT NULL AUTO_INCREMENT COMMENT '编号',
  `type` varchar(20) CHARACTER SET utf8 COLLATE utf8_bin NULL DEFAULT NULL COMMENT '请求类型',
  `title` varchar(255) CHARACTER SET utf8 COLLATE utf8_bin NULL DEFAULT '' COMMENT '日志标题',
  `remote_addr` varchar(255) CHARACTER SET utf8 COLLATE utf8_bin NULL DEFAULT NULL COMMENT '操作IP地址',
  `username` varchar(255) CHARACTER SET utf8 COLLATE utf8_bin NULL DEFAULT NULL COMMENT '操作用户昵称',
  `request_uri` varchar(255) CHARACTER SET utf8 COLLATE utf8_bin NULL DEFAULT NULL COMMENT '请求URI',
  `http_method` varchar(10) CHARACTER SET utf8 COLLATE utf8_bin NULL DEFAULT NULL COMMENT '操作方式',
  `class_method` varchar(255) CHARACTER SET utf8 COLLATE utf8_bin NULL DEFAULT NULL COMMENT '请求类型.方法',
  `params` text CHARACTER SET utf8 COLLATE utf8_bin NULL COMMENT '操作提交的数据',
  `session_id` varchar(255) CHARACTER SET utf8 COLLATE utf8_bin NULL DEFAULT NULL COMMENT 'sessionId',
  `response` longtext CHARACTER SET utf8 COLLATE utf8_bin NULL COMMENT '返回内容',
  `use_time` bigint(11) NULL DEFAULT NULL COMMENT '方法执行时间',
  `browser` varchar(255) CHARACTER SET utf8 COLLATE utf8_bin NULL DEFAULT NULL COMMENT '浏览器信息',
  `area` varchar(255) CHARACTER SET utf8 COLLATE utf8_bin NULL DEFAULT NULL COMMENT '地区',
  `province` varchar(255) CHARACTER SET utf8 COLLATE utf8_bin NULL DEFAULT NULL COMMENT '省',
  `city` varchar(255) CHARACTER SET utf8 COLLATE utf8_bin NULL DEFAULT NULL COMMENT '市',
  `isp` varchar(255) CHARACTER SET utf8 COLLATE utf8_bin NULL DEFAULT NULL COMMENT '网络服务提供商',
  `exception` text CHARACTER SET utf8 COLLATE utf8_bin NULL COMMENT '异常信息',
  `create_by` varchar(64) CHARACTER SET utf8 COLLATE utf8_bin NULL DEFAULT NULL COMMENT '创建者',
  `create_date` datetime(0) NULL DEFAULT NULL COMMENT '创建时间',
  `update_by` bigint(64) NULL DEFAULT NULL,
  `update_date` datetime(0) NULL DEFAULT NULL,
  `remarks` varchar(255) CHARACTER SET utf8 COLLATE utf8_bin NULL DEFAULT NULL,
  `del_flag` bit(1) NULL DEFAULT NULL,
  PRIMARY KEY (`id`) USING BTREE,
  INDEX `sys_log_create_by`(`create_by`) USING BTREE,
  INDEX `sys_log_request_uri`(`request_uri`) USING BTREE,
  INDEX `sys_log_type`(`type`) USING BTREE,
  INDEX `sys_log_create_date`(`create_date`) USING BTREE
) ENGINE = InnoDB AUTO_INCREMENT = 451 CHARACTER SET = utf8 COLLATE = utf8_bin COMMENT = '系统日志' ROW_FORMAT = Compact;

-- ----------------------------
-- Records of sys_log
-- ----------------------------
INSERT INTO `sys_log` VALUES (433, '普通请求', '跳转网站展示页面', '127.0.0.1', '我是管理员', 'http://localhost:8080/admin/system/site/show', 'GET', 'com.mysiteforme.admin.controller.system.SiteController.show', '[{}]', 'c611ac18-532a-4ea9-a478-15c474784f41', '\"admin/system/site/show\"', 12, 'Windows-Chrome-63.0.3239.132', NULL, NULL, NULL, NULL, NULL, '1', '2018-09-11 17:27:39', 1, '2018-09-11 17:27:39', NULL, b'0');
INSERT INTO `sys_log` VALUES (434, '普通请求', '跳转菜单列表', '127.0.0.1', '我是管理员', 'http://localhost:8080/admin/system/menu/list', 'GET', 'com.mysiteforme.admin.controller.system.MenuController.list', '[{}]', 'c611ac18-532a-4ea9-a478-15c474784f41', '\"admin/system/menu/test\"', 5, 'Windows-Chrome-63.0.3239.132', NULL, NULL, NULL, NULL, NULL, '1', '2018-09-11 17:28:03', 1, '2018-09-11 17:28:03', NULL, b'0');
INSERT INTO `sys_log` VALUES (435, '普通请求', '跳转系统字典页面', '127.0.0.1', '我是管理员', 'http://localhost:8080/admin/system/dict/list', 'GET', 'com.mysiteforme.admin.controller.system.DictController.list', '[]', 'c611ac18-532a-4ea9-a478-15c474784f41', '\"admin/system/dict/list\"', 4, 'Windows-Chrome-63.0.3239.132', NULL, NULL, NULL, NULL, NULL, '1', '2018-09-11 17:28:18', 1, '2018-09-11 17:28:18', NULL, b'0');
INSERT INTO `sys_log` VALUES (436, '普通请求', '跳转博客评论列表', '127.0.0.1', '我是管理员', 'http://localhost:8080/admin/blogComment/list', 'GET', 'com.mysiteforme.admin.controller.BlogCommentController.list', '[]', 'c611ac18-532a-4ea9-a478-15c474784f41', '\"/admin/blogComment/list\"', 7, 'Windows-Chrome-63.0.3239.132', NULL, NULL, NULL, NULL, NULL, '1', '2018-09-11 17:28:24', 1, '2018-09-11 17:28:24', NULL, b'0');
INSERT INTO `sys_log` VALUES (437, '普通请求', '跳转菜单列表', '127.0.0.1', '我是管理员', 'http://localhost:8080/admin/system/menu/list', 'GET', 'com.mysiteforme.admin.controller.system.MenuController.list', '[{}]', 'c611ac18-532a-4ea9-a478-15c474784f41', '\"admin/system/menu/test\"', 1, 'Windows-Chrome-63.0.3239.132', NULL, NULL, NULL, NULL, NULL, '1', '2018-09-11 17:30:02', 1, '2018-09-11 17:30:02', NULL, b'0');
INSERT INTO `sys_log` VALUES (438, '普通请求', '跳转定时任务列表', '127.0.0.1', '我是管理员', 'http://localhost:8080/admin/quartzTask/list', 'GET', 'com.mysiteforme.admin.controller.QuartzTaskController.list', '[]', 'c611ac18-532a-4ea9-a478-15c474784f41', '\"/admin/quartzTask/list\"', 4, 'Windows-Chrome-63.0.3239.132', NULL, NULL, NULL, NULL, NULL, '1', '2018-09-11 17:30:08', 1, '2018-09-11 17:30:08', NULL, b'0');
INSERT INTO `sys_log` VALUES (439, '普通请求', '跳转角色列表页面', '127.0.0.1', '我是管理员', 'http://localhost:8080/admin/system/role/list', 'GET', 'com.mysiteforme.admin.controller.system.RoleController.list', '[]', 'c611ac18-532a-4ea9-a478-15c474784f41', '\"admin/system/role/list\"', 3, 'Windows-Chrome-63.0.3239.132', NULL, NULL, NULL, NULL, NULL, '1', '2018-09-11 17:30:13', 1, '2018-09-11 17:30:13', NULL, b'0');
INSERT INTO `sys_log` VALUES (440, '普通请求', '跳转系统用户列表页面', '127.0.0.1', '我是管理员', 'http://localhost:8080/admin/system/user/list', 'GET', 'com.mysiteforme.admin.controller.system.UserConteroller.list', '[]', 'c611ac18-532a-4ea9-a478-15c474784f41', '\"admin/system/user/list\"', 4, 'Windows-Chrome-63.0.3239.132', NULL, NULL, NULL, NULL, NULL, '1', '2018-09-11 17:30:32', 1, '2018-09-11 17:30:32', NULL, b'0');
INSERT INTO `sys_log` VALUES (441, '普通请求', '跳转博客标签列表', '127.0.0.1', '我是管理员', 'http://localhost:8080/admin/blogTags/list', 'GET', 'com.mysiteforme.admin.controller.BlogTagsController.list', '[]', 'c611ac18-532a-4ea9-a478-15c474784f41', '\"/admin/blogTags/list\"', 5, 'Windows-Chrome-63.0.3239.132', NULL, NULL, NULL, NULL, NULL, '1', '2018-09-11 17:30:49', 1, '2018-09-11 17:30:49', NULL, b'0');
INSERT INTO `sys_log` VALUES (442, '普通请求', '跳转博客栏目列表', '127.0.0.1', '我是管理员', 'http://localhost:8080/admin/blogChannel/list', 'GET', 'com.mysiteforme.admin.controller.BlogChannelController.list', '[]', 'c611ac18-532a-4ea9-a478-15c474784f41', '\"/admin/blogChannel/list\"', 5, 'Windows-Chrome-63.0.3239.132', NULL, NULL, NULL, NULL, NULL, '1', '2018-09-11 17:30:57', 1, '2018-09-11 17:30:57', NULL, b'0');
INSERT INTO `sys_log` VALUES (443, '普通请求', '跳转博客内容列表', '127.0.0.1', '我是管理员', 'http://localhost:8080/admin/blogArticle/list', 'GET', 'com.mysiteforme.admin.controller.BlogArticleController.list', '[]', 'c611ac18-532a-4ea9-a478-15c474784f41', '\"/admin/blogArticle/list\"', 4, 'Windows-Chrome-63.0.3239.132', NULL, NULL, NULL, NULL, NULL, '1', '2018-09-11 17:31:51', 1, '2018-09-11 17:31:51', NULL, b'0');
INSERT INTO `sys_log` VALUES (444, 'Ajax请求', '保存编辑博客内容数据', '127.0.0.1', '我是管理员', 'http://localhost:8080/admin/blogArticle/edit', 'POST', 'com.mysiteforme.admin.controller.BlogArticleController.edit', '[{\"channelId\":21,\"content\":\"<p><font color=\'#46acc8\' style=\'background-color: rgb(77, 128, 191);\'>我就是想试试</font></p><h1><b>怎么样</b></h1><blockquote>引用</blockquote><h1><b>加粗</b></h1><p><img src=\'http://pic.58pic.com/58pic/15/86/11/51Y58PICQHR_1024.jpg\' style=\'max-width:100%;\'><br></p><p><br></p>\",\"delFlag\":false,\"id\":11,\"marks\":\"由各种物质组成的巨型球状天体，叫做星球。星球有一定的形状，有自己的运行轨道。\",\"publistTime\":1535760000000,\"recommend\":false,\"resources\":\"\",\"showPic\":\"http://img.zcool.cn/community/0142885afa4dd4a801216045a2977b.jpg@1280w_1l_2o_100sh.jpg\",\"sort\":1,\"subTitle\":\"\",\"text\":\"我就是想试试怎么样引用加粗\",\"title\":\"俄媒：对华贸易战，美国为什么必败\",\"top\":false}]', 'c611ac18-532a-4ea9-a478-15c474784f41', '{\"success\":true,\"message\":\"成功\"}', 126, 'Windows-Chrome-63.0.3239.132', NULL, NULL, NULL, NULL, NULL, '1', '2018-09-11 17:32:14', 1, '2018-09-11 17:32:14', NULL, b'0');
INSERT INTO `sys_log` VALUES (445, '普通请求', '跳转定时任务列表', '127.0.0.1', '我是管理员', 'http://localhost:8080/admin/quartzTask/list', 'GET', 'com.mysiteforme.admin.controller.QuartzTaskController.list', '[]', 'c611ac18-532a-4ea9-a478-15c474784f41', '\"/admin/quartzTask/list\"', 2, 'Windows-Chrome-63.0.3239.132', NULL, NULL, NULL, NULL, NULL, '1', '2018-09-11 17:32:42', 1, '2018-09-11 17:32:42', NULL, b'0');
INSERT INTO `sys_log` VALUES (446, '普通请求', '跳转任务执行日志列表', '127.0.0.1', '我是管理员', 'http://localhost:8080/admin/quartzTaskLog/list', 'GET', 'com.mysiteforme.admin.controller.QuartzTaskLogController.list', '[]', 'c611ac18-532a-4ea9-a478-15c474784f41', '\"/admin/quartzTaskLog/list\"', 4, 'Windows-Chrome-63.0.3239.132', NULL, NULL, NULL, NULL, NULL, '1', '2018-09-11 17:32:51', 1, '2018-09-11 17:32:51', NULL, b'0');
INSERT INTO `sys_log` VALUES (447, '普通请求', '跳转资源展示列表', '127.0.0.1', '我是管理员', 'http://localhost:8080/admin/system/rescource/list', 'GET', 'com.mysiteforme.admin.controller.system.RescourceController.list', '[]', 'c611ac18-532a-4ea9-a478-15c474784f41', '\"admin/system/rescource/list\"', 3, 'Windows-Chrome-63.0.3239.132', NULL, NULL, NULL, NULL, NULL, '1', '2018-09-11 17:33:05', 1, '2018-09-11 17:33:05', NULL, b'0');
INSERT INTO `sys_log` VALUES (448, '普通请求', '跳转资源展示列表', '127.0.0.1', '我是管理员', 'http://localhost:8080/admin/system/rescource/list', 'GET', 'com.mysiteforme.admin.controller.system.RescourceController.list', '[]', 'c611ac18-532a-4ea9-a478-15c474784f41', '\"admin/system/rescource/list\"', 4, 'Windows-Chrome-63.0.3239.132', NULL, NULL, NULL, NULL, NULL, '1', '2018-09-11 17:33:39', 1, '2018-09-11 17:33:39', NULL, b'0');
INSERT INTO `sys_log` VALUES (449, '普通请求', '跳转博客评论列表', '127.0.0.1', '我是管理员', 'http://localhost:8080/admin/blogComment/list', 'GET', 'com.mysiteforme.admin.controller.BlogCommentController.list', '[]', 'c611ac18-532a-4ea9-a478-15c474784f41', '\"/admin/blogComment/list\"', 2, 'Windows-Chrome-63.0.3239.132', NULL, NULL, NULL, NULL, NULL, '1', '2018-09-11 17:36:50', 1, '2018-09-11 17:36:50', NULL, b'0');
INSERT INTO `sys_log` VALUES (450, '普通请求', '跳转菜单列表', '127.0.0.1', '我是管理员', 'http://localhost:8080/admin/system/menu/list', 'GET', 'com.mysiteforme.admin.controller.system.MenuController.list', '[{}]', 'c611ac18-532a-4ea9-a478-15c474784f41', '\"admin/system/menu/test\"', 3, 'Windows-Chrome-63.0.3239.132', NULL, NULL, NULL, NULL, NULL, '1', '2018-09-11 17:37:13', 1, '2018-09-11 17:37:13', NULL, b'0');

-- ----------------------------
-- Table structure for sys_menu
-- ----------------------------
DROP TABLE IF EXISTS `sys_menu`;
CREATE TABLE `sys_menu`  (
  `id` bigint(20) NOT NULL AUTO_INCREMENT,
  `name` varchar(40) CHARACTER SET utf8 COLLATE utf8_general_ci NULL DEFAULT NULL COMMENT '菜单名称',
  `parent_id` bigint(20) NULL DEFAULT NULL COMMENT '父菜单',
  `level` bigint(2) NULL DEFAULT NULL COMMENT '菜单层级',
  `parent_ids` varchar(2000) CHARACTER SET utf8 COLLATE utf8_general_ci NULL DEFAULT NULL COMMENT '父菜单联集',
  `sort` smallint(6) NULL DEFAULT NULL COMMENT '排序',
  `href` varchar(2000) CHARACTER SET utf8 COLLATE utf8_general_ci NULL DEFAULT NULL COMMENT '链接地址',
  `target` varchar(20) CHARACTER SET utf8 COLLATE utf8_general_ci NULL DEFAULT NULL COMMENT '打开方式',
  `icon` varchar(100) CHARACTER SET utf8 COLLATE utf8_general_ci NULL DEFAULT NULL COMMENT '菜单图标',
  `bg_color` varchar(255) CHARACTER SET utf8 COLLATE utf8_general_ci NULL DEFAULT NULL COMMENT '显示背景色',
  `is_show` tinyint(2) NULL DEFAULT NULL COMMENT '是否显示',
  `permission` varchar(200) CHARACTER SET utf8 COLLATE utf8_general_ci NULL DEFAULT NULL COMMENT '权限标识',
  `create_by` bigint(20) NULL DEFAULT NULL,
  `create_date` datetime(0) NULL DEFAULT NULL,
  `update_by` bigint(20) NULL DEFAULT NULL,
  `update_date` datetime(0) NULL DEFAULT NULL,
  `remarks` varchar(255) CHARACTER SET utf8 COLLATE utf8_general_ci NULL DEFAULT NULL,
  `del_flag` tinyint(2) NULL DEFAULT NULL,
  PRIMARY KEY (`id`) USING BTREE
) ENGINE = InnoDB AUTO_INCREMENT = 63 CHARACTER SET = utf8 COLLATE = utf8_general_ci ROW_FORMAT = Compact;

-- ----------------------------
-- Records of sys_menu
-- ----------------------------
INSERT INTO `sys_menu` VALUES (1, '系统管理', NULL, 1, '1,', 20, '', NULL, '', NULL, 1, '', 1, '2018-01-16 11:29:46', 1, '2018-01-20 03:09:26', NULL, 0);
INSERT INTO `sys_menu` VALUES (2, '系统用户管理', 1, 2, '1,2,', 9, '/admin/system/user/list', NULL, '', '#47e69c', 1, 'sys:user:list', 1, '2018-01-16 11:31:18', 1, '2018-01-20 05:59:20', NULL, 0);
INSERT INTO `sys_menu` VALUES (3, '系统角色管理', 1, 2, '1,3,', 10, '/admin/system/role/list', NULL, '', '#c23ab9', 1, 'sys:role:list', 1, '2018-01-16 11:32:33', 1, '2018-01-20 05:58:58', NULL, 0);
INSERT INTO `sys_menu` VALUES (4, '系统权限管理', 1, 2, '1,4,', 20, '/admin/system/menu/list', NULL, '', '#d4573b', 1, 'sys:menu:list', 1, '2018-01-16 11:33:19', 1, '2018-02-08 09:49:28', NULL, 0);
INSERT INTO `sys_menu` VALUES (5, '系统资源管理', 1, 2, '1,5,', 30, '/admin/system/rescource/list', NULL, '', '#f5e42a', 1, 'sys:rescource:list', 1, '2018-01-16 11:34:48', 1, '2018-01-20 05:56:35', NULL, 0);
INSERT INTO `sys_menu` VALUES (6, '系统日志管理', 1, 2, '1,6,', 40, '/admin/system/log/list', NULL, '', '#b56c18', 1, 'sys:log:list', 1, '2018-01-16 11:35:31', 1, '2018-01-20 05:12:17', NULL, 0);
INSERT INTO `sys_menu` VALUES (7, '网站基本信息', 1, 2, '1,7,', 50, '/admin/system/site/show', NULL, '', '#95deb9', 1, 'sys:site:list', 1, '2018-01-16 11:36:50', 1, '2018-01-20 05:55:44', NULL, 0);
INSERT INTO `sys_menu` VALUES (8, '数据库管理', 1, 2, '1,8,', 60, '/admin/system/table/list', NULL, '', '#369e16', 1, 'sys:table:list', 1, '2018-01-16 11:38:29', 1, '2018-01-20 03:14:23', NULL, 0);
INSERT INTO `sys_menu` VALUES (9, '系统字典管理', 1, 2, '1,9,', 70, '/admin/system/dict/list', NULL, '', '#1bbcc2', 1, 'sys:dict:list', 1, '2018-01-16 14:51:52', 1, '2018-01-20 03:12:27', NULL, 0);
INSERT INTO `sys_menu` VALUES (10, '博客管理', NULL, 1, '10,', 10, '', NULL, '', NULL, 1, '', 1, '2018-01-17 13:21:53', 1, '2018-01-22 00:28:28', NULL, 0);
INSERT INTO `sys_menu` VALUES (11, '栏目管理', 10, 2, '10,11,', 6, '/admin/blogChannel/list', NULL, '', NULL, 1, 'blog:channel:list', 1, '2018-01-17 13:22:57', 1, '2018-02-08 10:20:54', NULL, 0);
INSERT INTO `sys_menu` VALUES (12, '博客评论', 10, 2, '10,12,', 7, '/admin/blogComment/list', NULL, '', '#c8e332', 1, 'blog:comment:list', 1, '2018-01-17 13:23:52', 1, '2018-02-08 10:25:26', NULL, 0);
INSERT INTO `sys_menu` VALUES (13, '博客文章', 10, 2, '10,13,', 8, '/admin/blogArticle/list', NULL, '', '#1962b5', 1, 'blog:article:list', 1, '2018-01-17 16:02:07', 1, '2018-02-08 10:26:13', NULL, 0);
INSERT INTO `sys_menu` VALUES (14, '定时任务', NULL, 1, '14,', 5, '', NULL, '', NULL, 1, '', 1, '2018-01-26 22:39:35', 1, '2018-02-08 10:31:05', NULL, 0);
INSERT INTO `sys_menu` VALUES (15, '任务列表', 14, 2, '14,15,', 15, '/admin/quartzTask/list', NULL, '', '#d6d178', 1, 'quartz:task:list', 1, '2018-01-26 22:41:25', 1, '2018-02-08 10:31:11', NULL, 0);
INSERT INTO `sys_menu` VALUES (16, '任务执行日志', 14, 2, '14,16,', 10, '/admin/quartzTaskLog/list', NULL, '', '#5158d6', 1, 'quartz:log:list', 1, '2018-01-27 01:07:11', 1, '2018-02-08 10:37:51', NULL, 0);
INSERT INTO `sys_menu` VALUES (17, '新增字典', 9, 3, '1,9,17,', 0, '', NULL, NULL, NULL, 0, 'sys:dict:add', 1, '2018-02-08 09:39:09', 1, '2018-02-08 09:39:19', NULL, 0);
INSERT INTO `sys_menu` VALUES (18, '编辑字典', 9, 3, '1,9,18,', 10, '', NULL, NULL, NULL, 0, 'sys:dict:edit', 1, '2018-02-08 09:40:37', 1, '2018-02-08 09:40:46', NULL, 0);
INSERT INTO `sys_menu` VALUES (19, '编辑字典类型', 9, 3, '1,9,19,', 20, '', NULL, NULL, NULL, 0, 'sys:dict:editType', 1, '2018-02-08 09:42:46', 1, '2018-02-08 09:54:07', NULL, 0);
INSERT INTO `sys_menu` VALUES (20, '新增系统权限', 4, 3, '1,4,20,', 0, '', NULL, NULL, NULL, 0, 'sys:menu:add', 1, '2018-02-08 09:49:15', 1, '2018-02-08 09:49:38', NULL, 0);
INSERT INTO `sys_menu` VALUES (21, '编辑系统权限', 4, 3, '1,4,21,', 10, '', NULL, NULL, NULL, 0, 'sys:menu:edit', 1, '2018-02-08 09:50:16', 1, '2018-02-08 09:50:25', NULL, 0);
INSERT INTO `sys_menu` VALUES (22, '删除系统权限', 4, 3, '1,4,22,', 20, '', NULL, NULL, NULL, 0, 'sys:menu:delete', 1, '2018-02-08 09:51:53', 1, '2018-02-08 09:53:42', NULL, 0);
INSERT INTO `sys_menu` VALUES (23, '删除系统资源', 5, 3, '1,5,23,', 0, '', NULL, NULL, NULL, 0, 'sys:rescource:delete', 1, '2018-02-08 09:56:44', 1, '2018-02-08 09:56:53', NULL, 0);
INSERT INTO `sys_menu` VALUES (24, '新增系统角色', 3, 3, '1,3,24,', 0, '', NULL, NULL, NULL, 0, 'sys:role:add', 1, '2018-02-08 09:58:11', 1, '2018-02-08 09:58:11', NULL, 0);
INSERT INTO `sys_menu` VALUES (25, '编辑菜单权限', 3, 3, '1,3,25,', 10, '', NULL, NULL, NULL, 0, 'sys:role:edit', 1, '2018-02-08 09:59:01', 1, '2018-02-08 09:59:01', NULL, 0);
INSERT INTO `sys_menu` VALUES (26, '删除角色', 3, 3, '1,3,26,', 20, '', NULL, NULL, NULL, 0, 'sys:role:delete', 1, '2018-02-08 09:59:56', 1, '2018-02-08 09:59:56', NULL, 0);
INSERT INTO `sys_menu` VALUES (27, '编辑系统信息', 7, 3, '1,7,27,', 0, '', NULL, NULL, NULL, 0, 'sys:site:edit', 1, '2018-02-08 10:01:40', 1, '2018-02-08 10:01:40', NULL, 0);
INSERT INTO `sys_menu` VALUES (28, '数据库新增', 8, 3, '1,8,28,', 0, '', NULL, NULL, NULL, 0, 'sys:table:add', 1, '2018-02-08 10:02:51', 1, '2018-02-08 10:02:51', NULL, 0);
INSERT INTO `sys_menu` VALUES (29, '编辑数据库', 8, 3, '1,8,29,', 10, '', NULL, NULL, NULL, 0, 'sys:table:edit', 1, '2018-02-08 10:03:58', 1, '2018-02-08 10:03:58', NULL, 0);
INSERT INTO `sys_menu` VALUES (30, '新增数据库字段', 8, 3, '1,8,30,', 20, '', NULL, NULL, NULL, 0, 'sys:table:addField', 1, '2018-02-08 10:05:11', 1, '2018-02-08 10:05:11', NULL, 0);
INSERT INTO `sys_menu` VALUES (31, '编辑数据库字段', 8, 3, '1,8,31,', 30, '', NULL, NULL, NULL, 0, 'sys:table:editField', 1, '2018-02-08 10:05:47', 1, '2018-02-08 10:05:47', NULL, 0);
INSERT INTO `sys_menu` VALUES (32, '删除数据库字段', 8, 3, '1,8,32,', 40, '', NULL, NULL, NULL, 0, 'sys:table:deleteField', 1, '2018-02-08 10:07:29', 1, '2018-02-08 10:15:39', NULL, 0);
INSERT INTO `sys_menu` VALUES (33, '删除数据库', 8, 3, '1,8,33,', 50, '', NULL, NULL, NULL, 0, 'sys:table:deleteTable', 1, '2018-02-08 10:08:16', 1, '2018-02-08 10:08:16', NULL, 0);
INSERT INTO `sys_menu` VALUES (34, '下载源码', 8, 3, '1,8,34,', 60, '', NULL, NULL, NULL, 0, 'sys:table:download', 1, '2018-02-08 10:09:28', 1, '2018-02-08 10:09:28', NULL, 0);
INSERT INTO `sys_menu` VALUES (35, '新增系统用户', 2, 3, '1,2,35,', 0, '', NULL, NULL, NULL, 0, 'sys:user:add', 1, '2018-02-08 10:10:32', 1, '2018-02-08 10:10:32', NULL, 0);
INSERT INTO `sys_menu` VALUES (36, '编辑系统用户', 2, 3, '1,2,36,', 10, '', NULL, NULL, NULL, 0, 'sys:user:edit', 1, '2018-02-08 10:11:49', 1, '2018-02-08 10:11:49', NULL, 0);
INSERT INTO `sys_menu` VALUES (37, '删除系统用户', 2, 3, '1,2,37,', 20, '', NULL, NULL, NULL, 0, 'sys:user:delete', 1, '2018-02-08 10:12:43', 1, '2018-02-08 10:12:43', NULL, 0);
INSERT INTO `sys_menu` VALUES (38, '新增博客文章', 13, 3, '10,13,38,', 0, '', NULL, NULL, NULL, 0, 'blog:article:add', 1, '2018-02-08 10:16:59', 1, '2018-02-08 10:16:59', NULL, 0);
INSERT INTO `sys_menu` VALUES (39, '博客文章编辑', 13, 3, '10,13,39,', 10, '', NULL, NULL, NULL, 0, 'blog:article:edit', 1, '2018-02-08 10:17:16', 1, '2018-02-08 10:17:16', NULL, 0);
INSERT INTO `sys_menu` VALUES (40, '博客文章删除', 13, 3, '10,13,40,', 20, '', NULL, NULL, NULL, 0, 'blog:article:delete', 1, '2018-02-08 10:17:34', 1, '2018-02-08 10:44:02', NULL, 0);
INSERT INTO `sys_menu` VALUES (41, '博客评论回复', 12, 3, '10,12,41,', 0, '', NULL, NULL, NULL, 0, 'blog:comment:reply', 1, '2018-02-08 10:19:29', 1, '2018-02-08 10:20:33', NULL, 0);
INSERT INTO `sys_menu` VALUES (42, '新增博客栏目', 11, 3, '10,11,42,', 0, '', NULL, NULL, NULL, 0, 'blog:channel:add', 1, '2018-02-08 10:22:06', 1, '2018-02-08 10:22:06', NULL, 0);
INSERT INTO `sys_menu` VALUES (43, '编辑博客栏目', 11, 3, '10,11,43,', 10, '', NULL, NULL, NULL, 0, 'blog:channel:edit', 1, '2018-02-08 10:23:31', 1, '2018-02-08 10:23:31', NULL, 0);
INSERT INTO `sys_menu` VALUES (44, '删除博客栏目', 11, 3, '10,11,44,', 20, '', NULL, NULL, NULL, 0, 'blog:channel:delete', 1, '2018-02-08 10:23:57', 1, '2018-02-08 10:23:57', NULL, 0);
INSERT INTO `sys_menu` VALUES (45, '删除博客评论', 12, 3, '10,12,45,', 10, '', NULL, NULL, NULL, 0, 'blog:comment:delete', 1, '2018-02-08 10:28:48', 1, '2018-02-08 10:28:48', NULL, 0);
INSERT INTO `sys_menu` VALUES (46, '新增定时任务', 15, 3, '14,15,46,', 0, '', NULL, NULL, NULL, 0, 'quartz:task:add', 1, '2018-02-08 10:32:46', 1, '2018-02-08 10:32:46', NULL, 0);
INSERT INTO `sys_menu` VALUES (47, '编辑定时任务', 15, 3, '14,15,47,', 10, '', NULL, NULL, NULL, 0, 'quartz:task:edit', 1, '2018-02-08 10:34:18', 1, '2018-02-08 10:34:18', NULL, 0);
INSERT INTO `sys_menu` VALUES (48, '删除定时任务', 15, 3, '14,15,48,', 20, '', NULL, NULL, NULL, 0, 'quartz:task:delete', 1, '2018-02-08 10:35:07', 1, '2018-02-08 10:35:07', NULL, 0);
INSERT INTO `sys_menu` VALUES (49, '暂停定时任务', 15, 3, '14,15,49,', 30, '', NULL, NULL, NULL, 0, 'quartz:task:paush', 1, '2018-02-08 10:35:43', 1, '2018-02-08 10:35:43', NULL, 0);
INSERT INTO `sys_menu` VALUES (50, '恢复运行任务', 15, 3, '14,15,50,', 40, '', NULL, NULL, NULL, 0, 'quartz:task:resume', 1, '2018-02-08 10:36:26', 1, '2018-02-08 10:36:26', NULL, 0);
INSERT INTO `sys_menu` VALUES (51, '立即执行运行任务', 15, 3, '14,15,51,', 50, '', NULL, NULL, NULL, 0, 'quartz:task:run', 1, '2018-02-08 10:36:55', 1, '2018-02-08 10:36:55', NULL, 0);
INSERT INTO `sys_menu` VALUES (52, '删除定时任务日志', 16, 3, '14,16,52,', 0, '', NULL, NULL, NULL, 0, 'quartz:log:delete', 1, '2018-02-08 10:39:04', 1, '2018-02-08 10:39:04', NULL, 0);
INSERT INTO `sys_menu` VALUES (53, '修改密码', 2, 3, '1,2,53,', 30, '', NULL, '', NULL, 0, 'sys:user:changePassword', 1, '2018-03-15 10:14:06', 1, '2018-03-15 10:14:06', NULL, 0);
INSERT INTO `sys_menu` VALUES (54, '删除字典', 9, 3, '1,9,54,', 30, '', NULL, NULL, NULL, 0, 'sys:dict:delete', 1, '2018-03-15 10:16:55', 1, '2018-03-15 10:16:55', NULL, 0);
INSERT INTO `sys_menu` VALUES (55, '系统日志删除', 6, 3, '1,6,55,', 0, '', NULL, NULL, NULL, 0, 'system:logs:delete', 1, '2018-06-16 04:30:32', 1, '2018-06-16 04:30:32', NULL, 0);
INSERT INTO `sys_menu` VALUES (56, '博客标签', 10, 2, '10,56,', 3, '/admin/blogTags/list', NULL, '', '#c3e8ce', 1, 'blog:tags:list', 1, '2018-06-16 04:42:15', 1, '2018-06-16 04:42:30', NULL, 0);
INSERT INTO `sys_menu` VALUES (57, '博客标签新增', 56, 3, '10,56,57,', 0, '', NULL, NULL, NULL, 0, 'blog:tags:add', 1, '2018-06-16 04:43:02', 1, '2018-06-16 04:43:02', NULL, 0);
INSERT INTO `sys_menu` VALUES (58, '博客标签编辑', 56, 3, '10,56,58,', 10, '', NULL, NULL, NULL, 0, 'blog:tags:edit', 1, '2018-06-16 04:43:26', 1, '2018-06-16 04:43:26', NULL, 0);
INSERT INTO `sys_menu` VALUES (59, '博客标签删除', 56, 3, '10,56,59,', 20, '', NULL, NULL, NULL, 0, 'blog:tags:delete', 1, '2018-06-16 04:43:56', 1, '2018-06-16 04:43:56', NULL, 0);
INSERT INTO `sys_menu` VALUES (60, 'Druid数据监控', 1, 2, '1,60,', 25, '/admin/druid/list', NULL, '', '#7e8755', 1, 'sys:druid:list', 1, '2018-06-16 05:06:17', 1, '2018-06-16 05:06:26', NULL, 0);
INSERT INTO `sys_menu` VALUES (61, '七牛云存储信息', 7, 3, '1,7,61,', 10, '', NULL, NULL, NULL, 0, 'sys:site:editQiniu', 1, '2018-07-12 18:46:39', 1, '2018-07-12 18:46:39', NULL, 0);
INSERT INTO `sys_menu` VALUES (62, '阿里云信息存储', 7, 3, '1,7,62,', 20, '', NULL, NULL, NULL, 0, 'sys:site:editOss', 1, '2018-07-12 18:47:05', 1, '2018-07-12 18:47:05', NULL, 0);

-- ----------------------------
-- Table structure for sys_rescource
-- ----------------------------
DROP TABLE IF EXISTS `sys_rescource`;
CREATE TABLE `sys_rescource`  (
  `id` bigint(20) NOT NULL AUTO_INCREMENT COMMENT '主键',
  `file_name` varchar(255) CHARACTER SET utf8 COLLATE utf8_general_ci NULL DEFAULT NULL COMMENT '文件名称',
  `source` varchar(255) CHARACTER SET utf8 COLLATE utf8_general_ci NULL DEFAULT NULL COMMENT '来源',
  `web_url` varchar(500) CHARACTER SET utf8 COLLATE utf8_general_ci NULL DEFAULT NULL COMMENT '资源网络地址',
  `hash` varchar(255) CHARACTER SET utf8 COLLATE utf8_general_ci NULL DEFAULT NULL COMMENT '文件标识',
  `file_size` varchar(50) CHARACTER SET utf8 COLLATE utf8_general_ci NULL DEFAULT NULL COMMENT '文件大小',
  `file_type` varchar(255) CHARACTER SET utf8 COLLATE utf8_general_ci NULL DEFAULT NULL COMMENT '文件类型',
  `original_net_url` text CHARACTER SET utf8 COLLATE utf8_general_ci NULL,
  `create_date` datetime(0) NULL DEFAULT NULL COMMENT '创建时间',
  `create_by` bigint(20) NULL DEFAULT NULL COMMENT '创建人',
  `update_date` datetime(0) NULL DEFAULT NULL COMMENT '修改时间',
  `update_by` bigint(20) NULL DEFAULT NULL COMMENT '修改人',
  `remarks` varchar(255) CHARACTER SET utf8 COLLATE utf8_general_ci NULL DEFAULT NULL COMMENT '备注',
  `del_flag` tinyint(4) NULL DEFAULT NULL COMMENT '删除标记',
  PRIMARY KEY (`id`) USING BTREE
) ENGINE = InnoDB AUTO_INCREMENT = 26 CHARACTER SET = utf8 COLLATE = utf8_general_ci COMMENT = '系统资源' ROW_FORMAT = Compact;

-- ----------------------------
-- Records of sys_rescource
-- ----------------------------
INSERT INTO `sys_rescource` VALUES (4, '3e2baf40-f2e5-4b3c-93d1-3f97965017ec.jpg', 'qiniu', 'https://static.mysiteforme.com/3e2baf40-f2e5-4b3c-93d1-3f97965017ec.jpg', 'FpgHWPFgcyMX1lqNEDk8Pdnl3lsu', '228kb', '.jpg', NULL, '2018-03-13 12:54:36', 1, '2018-03-13 12:54:36', 1, NULL, 0);
INSERT INTO `sys_rescource` VALUES (21, '793e9ff5-6efe-441d-9f4e-0cc7a9af797e.jpg', 'local', 'http://192.168.137.1:8080/static/upload/793e9ff5-6efe-441d-9f4e-0cc7a9af797e.jpg', 'FueMUjtW97Y3_V8dGxAY5HyI9G9X', '82kb', 'image/jpeg', NULL, '2018-08-26 14:15:54', 1, '2018-08-26 14:15:54', 1, NULL, 0);
INSERT INTO `sys_rescource` VALUES (22, '994a8ab7-f465-49d5-a06d-5a7fb7ec8279.jpeg', 'local', 'http://192.168.137.1:8080/static/upload/994a8ab7-f465-49d5-a06d-5a7fb7ec8279.jpeg', 'FlzRU7T2nGfh1l_hpj2f3uxs_yG9', '0kb', '.jpeg', 'http://p0.ifengimg.com/pmop/2018/0901/C9369F149A44BE7A6B3E77242ADD3ECA824B87B1_size47_w550_h271.jpeg', '2018-09-01 18:11:06', 1, '2018-09-01 18:11:06', 1, NULL, 0);
INSERT INTO `sys_rescource` VALUES (23, '6970931b-8e0d-46fe-a7d8-3eba0d1b4c48.jpg', 'local', 'http://192.168.137.1:8080/static/upload/6970931b-8e0d-46fe-a7d8-3eba0d1b4c48.jpg', 'FgFoXuMTbwafrzkgkdODKio0k1a1', '46kb', 'image/jpeg', NULL, '2018-09-01 18:32:13', 1, '2018-09-01 18:32:13', 1, NULL, 0);
INSERT INTO `sys_rescource` VALUES (24, '9a29e932-730f-4e10-965c-9868a1885fa0.jpg', 'local', 'http://192.168.137.1:8080/static/upload/9a29e932-730f-4e10-965c-9868a1885fa0.jpg', 'FruzSSgzUn3W9ESA0g0Zw4Kizkg4', '52kb', 'image/jpeg', NULL, '2018-09-01 18:40:08', 1, '2018-09-01 18:40:08', 1, NULL, 0);
INSERT INTO `sys_rescource` VALUES (25, '93c70a99-a74b-49cf-b357-bcc0f1710512.jpg', 'local', 'http://192.168.137.1:8080/static/upload/93c70a99-a74b-49cf-b357-bcc0f1710512.jpg', 'FjgTQ0l818MLnruHVgavWaMinerU', '290kb', 'image/jpeg', NULL, '2018-09-01 18:45:11', 1, '2018-09-01 18:45:11', 1, NULL, 0);

-- ----------------------------
-- Table structure for sys_role
-- ----------------------------
DROP TABLE IF EXISTS `sys_role`;
CREATE TABLE `sys_role`  (
  `id` bigint(20) NOT NULL AUTO_INCREMENT,
  `name` varchar(40) CHARACTER SET utf8 COLLATE utf8_general_ci NULL DEFAULT NULL COMMENT '角色名称',
  `create_date` datetime(0) NULL DEFAULT NULL,
  `create_by` bigint(20) NULL DEFAULT NULL,
  `update_date` datetime(0) NULL DEFAULT NULL,
  `update_by` bigint(20) NULL DEFAULT NULL,
  `remarks` varchar(255) CHARACTER SET utf8 COLLATE utf8_general_ci NULL DEFAULT NULL,
  `del_flag` tinyint(2) NULL DEFAULT NULL,
  PRIMARY KEY (`id`) USING BTREE
) ENGINE = InnoDB AUTO_INCREMENT = 3 CHARACTER SET = utf8 COLLATE = utf8_general_ci ROW_FORMAT = Compact;

-- ----------------------------
-- Records of sys_role
-- ----------------------------
INSERT INTO `sys_role` VALUES (1, '老司机', '2017-11-02 14:19:07', 1, '2018-02-08 13:24:35', 1, '', 0);
INSERT INTO `sys_role` VALUES (2, '系统管理员', '2017-11-29 19:36:37', 1, '2018-07-12 18:47:20', 1, '', 0);

-- ----------------------------
-- Table structure for sys_role_menu
-- ----------------------------
DROP TABLE IF EXISTS `sys_role_menu`;
CREATE TABLE `sys_role_menu`  (
  `role_id` bigint(20) NOT NULL,
  `menu_id` bigint(20) NOT NULL,
  PRIMARY KEY (`role_id`, `menu_id`) USING BTREE
) ENGINE = InnoDB CHARACTER SET = utf8 COLLATE = utf8_general_ci ROW_FORMAT = Compact;

-- ----------------------------
-- Records of sys_role_menu
-- ----------------------------
INSERT INTO `sys_role_menu` VALUES (1, 1);
INSERT INTO `sys_role_menu` VALUES (1, 2);
INSERT INTO `sys_role_menu` VALUES (1, 3);
INSERT INTO `sys_role_menu` VALUES (1, 4);
INSERT INTO `sys_role_menu` VALUES (1, 8);
INSERT INTO `sys_role_menu` VALUES (1, 10);
INSERT INTO `sys_role_menu` VALUES (1, 13);
INSERT INTO `sys_role_menu` VALUES (2, 1);
INSERT INTO `sys_role_menu` VALUES (2, 2);
INSERT INTO `sys_role_menu` VALUES (2, 3);
INSERT INTO `sys_role_menu` VALUES (2, 4);
INSERT INTO `sys_role_menu` VALUES (2, 5);
INSERT INTO `sys_role_menu` VALUES (2, 6);
INSERT INTO `sys_role_menu` VALUES (2, 7);
INSERT INTO `sys_role_menu` VALUES (2, 8);
INSERT INTO `sys_role_menu` VALUES (2, 9);
INSERT INTO `sys_role_menu` VALUES (2, 10);
INSERT INTO `sys_role_menu` VALUES (2, 11);
INSERT INTO `sys_role_menu` VALUES (2, 12);
INSERT INTO `sys_role_menu` VALUES (2, 13);
INSERT INTO `sys_role_menu` VALUES (2, 14);
INSERT INTO `sys_role_menu` VALUES (2, 15);
INSERT INTO `sys_role_menu` VALUES (2, 16);
INSERT INTO `sys_role_menu` VALUES (2, 17);
INSERT INTO `sys_role_menu` VALUES (2, 18);
INSERT INTO `sys_role_menu` VALUES (2, 19);
INSERT INTO `sys_role_menu` VALUES (2, 20);
INSERT INTO `sys_role_menu` VALUES (2, 21);
INSERT INTO `sys_role_menu` VALUES (2, 22);
INSERT INTO `sys_role_menu` VALUES (2, 23);
INSERT INTO `sys_role_menu` VALUES (2, 24);
INSERT INTO `sys_role_menu` VALUES (2, 25);
INSERT INTO `sys_role_menu` VALUES (2, 26);
INSERT INTO `sys_role_menu` VALUES (2, 27);
INSERT INTO `sys_role_menu` VALUES (2, 28);
INSERT INTO `sys_role_menu` VALUES (2, 29);
INSERT INTO `sys_role_menu` VALUES (2, 30);
INSERT INTO `sys_role_menu` VALUES (2, 31);
INSERT INTO `sys_role_menu` VALUES (2, 32);
INSERT INTO `sys_role_menu` VALUES (2, 33);
INSERT INTO `sys_role_menu` VALUES (2, 34);
INSERT INTO `sys_role_menu` VALUES (2, 35);
INSERT INTO `sys_role_menu` VALUES (2, 36);
INSERT INTO `sys_role_menu` VALUES (2, 37);
INSERT INTO `sys_role_menu` VALUES (2, 38);
INSERT INTO `sys_role_menu` VALUES (2, 39);
INSERT INTO `sys_role_menu` VALUES (2, 40);
INSERT INTO `sys_role_menu` VALUES (2, 41);
INSERT INTO `sys_role_menu` VALUES (2, 42);
INSERT INTO `sys_role_menu` VALUES (2, 43);
INSERT INTO `sys_role_menu` VALUES (2, 44);
INSERT INTO `sys_role_menu` VALUES (2, 45);
INSERT INTO `sys_role_menu` VALUES (2, 46);
INSERT INTO `sys_role_menu` VALUES (2, 47);
INSERT INTO `sys_role_menu` VALUES (2, 48);
INSERT INTO `sys_role_menu` VALUES (2, 49);
INSERT INTO `sys_role_menu` VALUES (2, 50);
INSERT INTO `sys_role_menu` VALUES (2, 51);
INSERT INTO `sys_role_menu` VALUES (2, 52);
INSERT INTO `sys_role_menu` VALUES (2, 53);
INSERT INTO `sys_role_menu` VALUES (2, 54);
INSERT INTO `sys_role_menu` VALUES (2, 55);
INSERT INTO `sys_role_menu` VALUES (2, 56);
INSERT INTO `sys_role_menu` VALUES (2, 57);
INSERT INTO `sys_role_menu` VALUES (2, 58);
INSERT INTO `sys_role_menu` VALUES (2, 59);
INSERT INTO `sys_role_menu` VALUES (2, 60);
INSERT INTO `sys_role_menu` VALUES (2, 61);
INSERT INTO `sys_role_menu` VALUES (2, 62);

-- ----------------------------
-- Table structure for sys_site
-- ----------------------------
DROP TABLE IF EXISTS `sys_site`;
CREATE TABLE `sys_site`  (
  `id` bigint(20) NOT NULL,
  `name` varchar(255) CHARACTER SET utf8 COLLATE utf8_general_ci NULL DEFAULT NULL,
  `url` varchar(500) CHARACTER SET utf8 COLLATE utf8_general_ci NULL DEFAULT NULL COMMENT '系统网址',
  `open_message` bit(1) NULL DEFAULT NULL COMMENT '是否开放评论',
  `is_no_name` bit(1) NULL DEFAULT NULL COMMENT '是否匿名评论',
  `version` varchar(255) CHARACTER SET utf8 COLLATE utf8_general_ci NULL DEFAULT NULL,
  `author` varchar(255) CHARACTER SET utf8 COLLATE utf8_general_ci NULL DEFAULT NULL,
  `author_icon` varchar(255) CHARACTER SET utf8 COLLATE utf8_general_ci NULL DEFAULT NULL,
  `file_upload_type` varchar(255) CHARACTER SET utf8 COLLATE utf8_general_ci NULL DEFAULT NULL,
  `weibo` varchar(255) CHARACTER SET utf8 COLLATE utf8_general_ci NULL DEFAULT NULL,
  `qq` varchar(255) CHARACTER SET utf8 COLLATE utf8_general_ci NULL DEFAULT NULL,
  `git` varchar(255) CHARACTER SET utf8 COLLATE utf8_general_ci NULL DEFAULT NULL,
  `github` varchar(255) CHARACTER SET utf8 COLLATE utf8_general_ci NULL DEFAULT NULL,
  `phone` varchar(255) CHARACTER SET utf8 COLLATE utf8_general_ci NULL DEFAULT NULL,
  `email` varchar(255) CHARACTER SET utf8 COLLATE utf8_general_ci NULL DEFAULT NULL,
  `address` varchar(255) CHARACTER SET utf8 COLLATE utf8_general_ci NULL DEFAULT NULL,
  `logo` varchar(255) CHARACTER SET utf8 COLLATE utf8_general_ci NULL DEFAULT NULL,
  `server` varchar(255) CHARACTER SET utf8 COLLATE utf8_general_ci NULL DEFAULT NULL,
  `database` varchar(255) CHARACTER SET utf8 COLLATE utf8_general_ci NULL DEFAULT NULL,
  `max_upload` int(11) NULL DEFAULT NULL,
  `keywords` varchar(255) CHARACTER SET utf8 COLLATE utf8_general_ci NULL DEFAULT NULL,
  `description` varchar(255) CHARACTER SET utf8 COLLATE utf8_general_ci NULL DEFAULT NULL,
  `powerby` varchar(255) CHARACTER SET utf8 COLLATE utf8_general_ci NULL DEFAULT NULL,
  `record` varchar(255) CHARACTER SET utf8 COLLATE utf8_general_ci NULL DEFAULT NULL,
  `create_by` bigint(20) NULL DEFAULT NULL,
  `create_date` datetime(0) NULL DEFAULT NULL,
  `update_by` bigint(20) NULL DEFAULT NULL,
  `update_date` datetime(0) NULL DEFAULT NULL,
  `remarks` text CHARACTER SET utf8 COLLATE utf8_general_ci NULL,
  `del_flag` bit(1) NULL DEFAULT NULL,
  PRIMARY KEY (`id`) USING BTREE
) ENGINE = InnoDB CHARACTER SET = utf8 COLLATE = utf8_general_ci ROW_FORMAT = Compact;

-- ----------------------------
-- Records of sys_site
-- ----------------------------
INSERT INTO `sys_site` VALUES (1, '云校园后台管理系统', 'cloud-campus.com', b'1', b'0', '1.0', 'jp', 'https://static.mysiteforme.com/3c5b69f4-2e39-4f88-b302-a6eb48e4c43a.jpg', 'local', 'https://weibo.com/u/2173866382', '1115784675', 'https://gitee.com/wanglingxiao/', 'https://github.com/wangl1989', '13776055179', '1115784675@qq.com', '江苏-苏州', 'http://ow9lg82yy.bkt.clouddn.com/24f5c360-485d-4a6d-9468-2a61c353cf37.ico', 'windows', 'mysql', 0, NULL, '网站描述', NULL, '苏ICP备17063650号', 1, '2017-12-30 22:46:15', 1, '2018-08-24 17:37:51', '<p><br></p><p><br></p>', b'0');

-- ----------------------------
-- Table structure for sys_user
-- ----------------------------
DROP TABLE IF EXISTS `sys_user`;
CREATE TABLE `sys_user`  (
  `id` bigint(20) NOT NULL AUTO_INCREMENT COMMENT '用户ID',
  `login_name` varchar(36) CHARACTER SET utf8 COLLATE utf8_general_ci NULL DEFAULT NULL COMMENT '登录名',
  `nick_name` varchar(40) CHARACTER SET utf8 COLLATE utf8_general_ci NULL DEFAULT NULL COMMENT '昵称',
  `icon` varchar(2000) CHARACTER SET utf8 COLLATE utf8_general_ci NULL DEFAULT NULL,
  `password` varchar(40) CHARACTER SET utf8 COLLATE utf8_general_ci NULL DEFAULT NULL COMMENT '密码',
  `salt` varchar(40) CHARACTER SET utf8 COLLATE utf8_general_ci NULL DEFAULT NULL COMMENT 'shiro加密盐',
  `tel` varchar(11) CHARACTER SET utf8 COLLATE utf8_general_ci NULL DEFAULT NULL COMMENT '手机号码',
  `email` varchar(200) CHARACTER SET utf8 COLLATE utf8_general_ci NULL DEFAULT NULL COMMENT '邮箱地址',
  `locked` tinyint(2) NULL DEFAULT NULL COMMENT '是否锁定',
  `create_date` datetime(0) NULL DEFAULT NULL,
  `create_by` bigint(20) NULL DEFAULT NULL,
  `update_date` datetime(0) NULL DEFAULT NULL,
  `update_by` bigint(20) NULL DEFAULT NULL,
  `remarks` varchar(255) CHARACTER SET utf8 COLLATE utf8_general_ci NULL DEFAULT NULL,
  `del_flag` tinyint(4) NULL DEFAULT NULL,
  PRIMARY KEY (`id`) USING BTREE
) ENGINE = InnoDB AUTO_INCREMENT = 2 CHARACTER SET = utf8 COLLATE = utf8_general_ci ROW_FORMAT = Compact;

-- ----------------------------
-- Records of sys_user
-- ----------------------------
INSERT INTO `sys_user` VALUES (1, 'test', '我是管理员', 'https://static.mysiteforme.com/3c5b69f4-2e39-4f88-b302-a6eb48e4c43a.jpg', '810339f5426fe2dcaf92c5cac718acc6471a034b', '3fb62b5aeede1bbf', '13776055179', 'b@qq.com', 0, '2017-11-27 22:19:39', 1, '2018-06-16 04:27:15', 1, '', 0);

-- ----------------------------
-- Table structure for sys_user_role
-- ----------------------------
DROP TABLE IF EXISTS `sys_user_role`;
CREATE TABLE `sys_user_role`  (
  `user_id` bigint(20) NOT NULL,
  `role_id` bigint(20) NOT NULL,
  PRIMARY KEY (`user_id`, `role_id`) USING BTREE
) ENGINE = InnoDB CHARACTER SET = utf8 COLLATE = utf8_general_ci ROW_FORMAT = Compact;

-- ----------------------------
-- Records of sys_user_role
-- ----------------------------
INSERT INTO `sys_user_role` VALUES (1, 1);
INSERT INTO `sys_user_role` VALUES (1, 2);

-- ----------------------------
-- Table structure for upload_info
-- ----------------------------
DROP TABLE IF EXISTS `upload_info`;
CREATE TABLE `upload_info`  (
  `id` bigint(20) NOT NULL AUTO_INCREMENT COMMENT '主键',
  `local_window_url` varchar(255) CHARACTER SET utf8 COLLATE utf8_general_ci NULL DEFAULT NULL,
  `local_linux_url` varchar(255) CHARACTER SET utf8 COLLATE utf8_general_ci NULL DEFAULT NULL,
  `qiniu_base_path` varchar(255) CHARACTER SET utf8 COLLATE utf8_general_ci NULL DEFAULT NULL,
  `qiniu_bucket_name` varchar(255) CHARACTER SET utf8 COLLATE utf8_general_ci NULL DEFAULT NULL,
  `qiniu_dir` varchar(255) CHARACTER SET utf8 COLLATE utf8_general_ci NULL DEFAULT NULL,
  `qiniu_access_key` varchar(255) CHARACTER SET utf8 COLLATE utf8_general_ci NULL DEFAULT NULL,
  `qiniu_secret_key` varchar(255) CHARACTER SET utf8 COLLATE utf8_general_ci NULL DEFAULT NULL,
  `qiniu_test_access` bit(1) NULL DEFAULT NULL,
  `oss_base_path` varchar(255) CHARACTER SET utf8 COLLATE utf8_general_ci NULL DEFAULT NULL,
  `oss_bucket_name` varchar(255) CHARACTER SET utf8 COLLATE utf8_general_ci NULL DEFAULT NULL,
  `oss_dir` varchar(255) CHARACTER SET utf8 COLLATE utf8_general_ci NULL DEFAULT NULL,
  `oss_key_id` varchar(255) CHARACTER SET utf8 COLLATE utf8_general_ci NULL DEFAULT NULL,
  `oss_key_secret` varchar(255) CHARACTER SET utf8 COLLATE utf8_general_ci NULL DEFAULT NULL,
  `oss_endpoint` varchar(255) CHARACTER SET utf8 COLLATE utf8_general_ci NULL DEFAULT NULL,
  `oss_test_access` bit(1) NULL DEFAULT NULL,
  `create_date` datetime(0) NULL DEFAULT NULL COMMENT '创建时间',
  `create_by` bigint(20) NULL DEFAULT NULL COMMENT '创建人',
  `update_date` datetime(0) NULL DEFAULT NULL COMMENT '修改时间',
  `update_by` bigint(20) NULL DEFAULT NULL COMMENT '修改人',
  `remarks` varchar(255) CHARACTER SET utf8 COLLATE utf8_general_ci NULL DEFAULT NULL COMMENT '备注',
  `del_flag` tinyint(4) NULL DEFAULT NULL COMMENT '删除标记',
  PRIMARY KEY (`id`) USING BTREE
) ENGINE = InnoDB AUTO_INCREMENT = 2 CHARACTER SET = utf8 COLLATE = utf8_general_ci ROW_FORMAT = Compact;

-- ----------------------------
-- Records of upload_info
-- ----------------------------
INSERT INTO `upload_info` VALUES (1, NULL, NULL, NULL, NULL, NULL, NULL, NULL, NULL, NULL, NULL, NULL, NULL, NULL, NULL, NULL, '2018-07-12 18:48:23', 1, '2018-07-12 18:48:25', 1, NULL, 0);

SET FOREIGN_KEY_CHECKS = 1;
